0.670447 0.880838 -0.341406 
0.634486 0.744355 -0.832121 
0.404978 -0.086824 -0.964467 
===in_channel===
===out_channel===
0.306997 0.420242 0.723153 
0.256139 0.338796 0.438807 
-0.888647 -0.747127 -0.589874 
===in_channel===
===out_channel===
0.572431 0.185298 -0.102096 
-0.37235 -0.475776 -0.661986 
0.573346 0.455581 0.444636 
===in_channel===
===out_channel===
-0.464964 0.205695 -0.147128 
0.105666 0.405349 0.0608245 
1.47111 1.73381 0.848198 
===in_channel===
===out_channel===
0.69981 1.70427 1.14694 
0.715158 1.44006 1.05037 
0.0499773 -0.101718 0.0940951 
===in_channel===
===out_channel===
0.924944 1.81485 1.24096 
0.883683 2.25471 1.86244 
-0.351159 0.792827 -0.122073 
===in_channel===
===out_channel===
0.108782 0.43708 -0.388558 
1.09039 1.7235 1.11363 
1.08866 1.65777 0.296202 
===in_channel===
===out_channel===
1.1259 0.743529 0.467657 
1.2399 -0.0641265 -0.0713924 
0.288509 -0.989973 -1.13906 
===in_channel===
===out_channel===
0.975771 0.324563 -0.0843898 
1.08781 -0.155548 -0.911292 
0.456743 -0.574664 0.00823103 
===in_channel===
===out_channel===
0.920673 1.19639 0.424951 
1.02975 1.62162 0.673873 
0.237558 -0.29503 0.0421972 
===in_channel===
===out_channel===
0.213837 0.450768 1.16473 
-0.0373088 -0.0413403 -0.220522 
-0.88244 -0.687064 -0.473221 
===in_channel===
===out_channel===
-0.620852 -0.0283872 0.336503 
-0.46379 0.182527 0.338344 
0.550878 0.533094 0.170429 
===in_channel===
===out_channel===
-1.0478 -0.446371 0.341061 
-0.718891 0.0505192 0.78692 
-0.0644866 0.326987 0.962376 
===in_channel===
===out_channel===
0.0733664 0.19438 1.01876 
0.0368726 0.213007 1.0615 
-0.824348 -0.891039 0.346952 
===in_channel===
===out_channel===
0.61951 0.869853 0.927808 
-0.414559 -0.397321 0.112678 
-0.550923 -0.807501 -0.527015 
===in_channel===
===out_channel===
0.173425 0.358317 1.37941 
-0.461472 -0.703722 0.293317 
-0.430005 -0.452978 -0.572539 
===in_channel===
===out_channel===
-0.214912 0.155251 0.15289 
-0.102446 0.739841 1.52761 
0.0540625 1.17279 1.4434 
===in_channel===
===out_channel===
0.477718 0.621223 0.875827 
-0.186436 0.382554 -0.242936 
-0.358721 -1.04376 -0.583215 
===in_channel===
===out_channel===
-1.09904 -0.452531 0.782745 
-0.355395 0.447671 0.992131 
0.440717 0.312828 0.860894 
===in_channel===
===out_channel===
-0.251844 -0.662282 0.173118 
0.541796 1.13236 0.660747 
0.927652 1.79809 1.05307 
===in_channel===
===out_channel===
0.0999029 1.03201 0.200512 
0.52712 0.610769 1.14095 
-0.87096 -0.496051 0.276686 
===in_channel===
===out_channel===
0.95682 -0.305311 -0.779867 
1.47335 0.366986 -0.421104 
0.376187 0.531026 0.119861 
===in_channel===
===out_channel===
0.705182 1.5111 0.643864 
1.94193 2.2624 1.37319 
0.676374 0.60151 -0.405591 
===in_channel===
===out_channel===
0.84509 0.0659194 -0.434326 
0.820869 -0.173863 0.106488 
0.657596 0.2902 -0.765321 
===in_channel===
===out_channel===
1.54978 0.656812 -0.106325 
0.407406 -0.025405 -0.577189 
-0.154797 -0.828108 -0.918666 
===in_channel===
===out_channel===
0.315545 -0.945003 -0.863371 
0.659033 -0.0137388 -0.320917 
0.66795 0.70996 0.516793 
===in_channel===
===out_channel===
0.0751617 -0.909068 -0.803814 
-0.345211 -0.214196 -0.013969 
0.679552 0.730376 0.966293 
===in_channel===
===out_channel===
-0.560845 0.689793 0.595154 
-0.447013 0.901751 1.1376 
-0.602588 0.33232 0.875382 
===in_channel===
===out_channel===
0.830911 1.03657 0.372267 
-0.301066 -0.44918 0.0203206 
-0.613245 -0.714148 -0.296405 
===in_channel===
===out_channel===
0.25545 -0.453307 -0.262181 
1.01215 0.0605203 -0.747458 
0.695835 -0.0114237 -0.213191 
===in_channel===
===out_channel===
-0.461616 -1.05734 -0.639232 
-0.0323131 0.161963 0.0862257 
0.78007 0.815593 0.462864 
===in_channel===
===out_channel===
0.595103 0.619504 -0.69392 
0.986871 0.0469919 -0.522785 
0.73275 0.833941 0.022125 
===in_channel===
===out_channel===
===layer===
-0.258133 -0.764827 -0.572198 
-0.0272378 -0.0924064 0.214546 
0.139922 -0.124619 0.171521 
===in_channel===
-0.174758 -0.23275 -0.854485 
0.189229 0.422201 0.480873 
0.577046 0.568032 0.177375 
===in_channel===
0.196862 0.608769 0.432127 
0.193074 -0.395314 -0.0466573 
-0.175143 0.24037 0.259841 
===in_channel===
-0.0152148 0.121326 0.145407 
0.0923821 0.426211 -0.0637491 
-0.387421 -0.406423 -0.420487 
===in_channel===
-0.40285 -0.859464 -0.641496 
0.102978 0.193112 0.331269 
0.404334 0.0840398 -0.146095 
===in_channel===
-0.609138 -0.795961 -0.508743 
0.367862 0.546949 0.100599 
0.105499 0.111119 -0.160332 
===in_channel===
-0.161465 -0.350691 -0.089244 
0.524366 0.332289 0.350184 
-0.237004 0.0716122 0.134244 
===in_channel===
-0.146654 -0.89014 -0.767158 
0.264316 0.101974 0.546883 
0.20101 0.486864 -0.0229384 
===in_channel===
0.116794 -0.829564 -0.72628 
-0.203301 0.106621 0.244549 
0.135918 0.355692 -0.111623 
===in_channel===
-0.547299 -0.821802 -0.287561 
0.166678 0.28766 0.0749105 
0.435015 -0.0725362 0.192807 
===in_channel===
-0.143344 0.434388 0.181693 
-0.125204 0.344356 0.143034 
0.43777 0.540732 -0.169472 
===in_channel===
-0.298401 0.109834 0.476266 
0.206604 0.380157 -0.0440989 
0.0114873 -0.343315 0.0217 
===in_channel===
-0.218647 0.310851 -0.0985255 
0.0870716 0.100095 0.143805 
-0.610291 -0.286606 -0.215722 
===in_channel===
-0.855459 -0.636076 -0.560911 
0.121097 0.0183953 0.381396 
0.386529 0.0895231 0.182642 
===in_channel===
-0.195468 0.272426 -0.51266 
0.139158 0.351575 0.35182 
0.767332 0.492438 0.257798 
===in_channel===
-0.0387369 0.0711912 -0.160565 
0.163364 0.105352 0.244615 
0.257748 0.195424 -0.246186 
===in_channel===
-0.27198 0.08176 -0.22976 
0.489605 0.305722 0.243965 
-0.214546 -0.291601 -0.210694 
===in_channel===
0.10813 -0.417281 -0.250295 
0.164049 0.520879 0.578271 
0.630786 0.356108 0.347199 
===in_channel===
-0.447428 -0.0870325 0.245959 
0.284861 0.336676 -0.127877 
-0.324281 -0.327424 0.111903 
===in_channel===
0.0619171 -0.171921 0.300433 
0.36081 0.355712 0.196007 
-0.294805 -0.336009 -0.263318 
===in_channel===
-0.642248 -0.633155 -1.03196 
0.439806 0.464448 0.585322 
0.199394 0.544876 0.0134588 
===in_channel===
0.0109417 -0.0347868 -0.339713 
0.23156 0.0296749 0.0531778 
-0.341116 -0.0864853 -0.232095 
===in_channel===
-0.282283 -0.864978 -0.449006 
0.37956 0.601066 0.276842 
-0.0781692 0.283122 0.190788 
===in_channel===
-0.109097 -0.739579 -0.527923 
0.110973 0.214563 0.360179 
-0.285261 0.0342568 -0.131698 
===in_channel===
-0.0410356 -0.567181 -0.521922 
-0.0545253 0.133572 0.417964 
0.338061 0.623698 0.13123 
===in_channel===
0.550594 0.244385 0.363087 
0.465013 0.397341 0.251692 
-0.912474 -0.529828 -0.130141 
===in_channel===
0.458407 0.900124 0.288622 
0.460318 0.303952 0.118973 
-0.78456 -0.29162 -0.101095 
===in_channel===
-0.554759 -0.127085 -0.391508 
0.349239 0.191435 0.290737 
-0.15837 -0.278006 -0.0553032 
===in_channel===
0.284977 0.316596 -0.426715 
0.0532419 0.588504 0.72828 
0.623308 0.770733 0.0175808 
===in_channel===
-0.196784 -0.996054 -0.0960288 
0.146702 -0.0660082 0.13116 
-0.463092 -0.380008 0.234975 
===in_channel===
0.151231 0.730869 0.450846 
0.856448 0.773837 0.409838 
-0.663416 -0.365882 0.103435 
===in_channel===
0.00141613 0.0837795 -0.0273793 
0.0831708 0.280236 -0.0396319 
-0.0787952 0.146653 -0.28591 
===in_channel===
===out_channel===
-0.494056 -0.160693 -0.480995 
-0.483014 0.183166 -0.0361551 
-0.00360976 -0.212303 0.285566 
===in_channel===
-0.249978 -0.432307 -0.583621 
-0.3839 -0.518369 -0.152595 
0.0147641 -0.0458091 -0.307077 
===in_channel===
-0.0771057 -0.280284 -0.27419 
-0.0409509 0.162448 -0.0867929 
-0.00858561 -0.139839 -0.0882662 
===in_channel===
-0.0941646 0.315557 -0.0769592 
0.138771 -0.0686177 0.130676 
0.142185 0.0393682 -0.0687323 
===in_channel===
-0.100104 0.294197 0.164663 
-0.214728 0.0581564 -0.110056 
0.228241 0.258232 0.227476 
===in_channel===
-0.153183 0.17892 0.120878 
-0.0189617 0.26026 0.122034 
0.22665 0.190822 0.197957 
===in_channel===
-0.172643 0.327811 0.089826 
-0.0591008 0.229873 -0.105985 
-0.165551 0.121162 0.008526 
===in_channel===
-0.456889 -0.332394 0.0249023 
-0.0656111 0.0700997 0.0753857 
-0.35666 -0.304669 0.00646694 
===in_channel===
-0.313938 -0.198777 -0.373267 
-0.230464 -0.181139 -0.178615 
-0.227014 -0.149419 0.17318 
===in_channel===
0.0519659 0.16401 -0.17334 
-0.101945 -0.0986749 0.255542 
0.127396 0.193156 -0.0583223 
===in_channel===
-0.324644 -0.682631 -0.6435 
-0.111476 -0.503164 -0.240028 
-0.489842 -0.315484 -0.750363 
===in_channel===
0.096454 -0.0469159 -0.124944 
0.306854 -0.388727 0.21766 
-0.0745482 -0.00333923 -0.192159 
===in_channel===
0.484451 -0.159244 0.271362 
0.138879 -0.222234 -0.32196 
0.173131 -0.12059 -0.643853 
===in_channel===
0.0191441 -0.0774608 -0.137194 
-0.115835 -0.453681 -0.482941 
-0.031815 -0.218094 -0.434449 
===in_channel===
-0.10685 -0.481254 -0.518163 
-0.107517 -0.525281 -0.188884 
-0.398295 -0.0688337 -0.530487 
===in_channel===
-0.306507 -0.550088 -0.307146 
-0.382234 -0.811835 0.0331346 
-0.225296 -0.255587 -0.522862 
===in_channel===
0.234968 -0.196532 -0.104053 
-0.102733 0.0220353 -0.0294983 
0.0668953 -0.0672056 -0.285582 
===in_channel===
-0.456493 -0.89409 -0.514738 
-0.55776 -0.545002 -0.162039 
-0.387066 -0.128501 -0.297561 
===in_channel===
-0.0767528 -0.0109386 0.10586 
0.0768003 0.17835 -0.258532 
0.00299592 0.198332 -0.152232 
===in_channel===
0.085461 0.0531178 0.121738 
-0.215916 -0.0882839 0.237421 
0.21001 -0.154515 -0.222292 
===in_channel===
-0.129835 0.0878403 0.16341 
0.0859868 0.106651 -0.210246 
0.145622 0.0948424 -0.208791 
===in_channel===
-0.2962 -0.244953 -0.0504699 
-0.313662 0.127986 0.0894495 
-0.175388 -0.171925 0.0147453 
===in_channel===
-0.383185 0.218369 -0.0187603 
0.134039 0.0477346 0.328556 
-0.134985 -0.0601868 0.258487 
===in_channel===
-0.420869 -0.00406732 -0.162631 
-0.0891867 -0.12629 0.0899918 
0.0270509 0.0856625 -0.0458678 
===in_channel===
-0.340219 -0.348786 -0.368678 
-0.164791 -0.0692374 -0.162008 
0.0961364 0.0130003 0.111031 
===in_channel===
-0.336785 -0.508097 -0.369674 
-0.185894 -0.284815 -0.478084 
0.0455823 -0.400793 0.118051 
===in_channel===
0.231035 -0.139749 -0.170874 
-0.111111 -0.495616 -0.586311 
-0.120011 -0.509291 -0.359461 
===in_channel===
-0.152458 0.15996 0.267207 
-0.0762464 -0.138212 -0.161533 
-0.126767 0.332678 -0.0357579 
===in_channel===
-0.122782 -0.707103 -0.430121 
-0.203879 -0.801332 -0.721833 
0.000822281 -0.187487 -0.539828 
===in_channel===
-0.63971 -0.576271 -0.105037 
0.379533 -0.0446957 -0.0145932 
-0.0932091 -0.104085 0.214134 
===in_channel===
0.0110581 -0.511528 -0.171401 
-0.27272 -0.339712 -0.241595 
-0.0435822 -0.475652 -0.579349 
===in_channel===
-0.0546458 0.231253 -0.280078 
-0.260949 0.0917153 -0.203087 
-0.171635 -0.00951849 0.229376 
===in_channel===
===out_channel===
-0.513096 -0.110188 0.210107 
-0.201694 -0.658488 0.170715 
0.226129 -0.156605 0.0536639 
===in_channel===
-0.0229615 0.22434 -0.391517 
-0.309575 0.236437 0.162464 
-0.322541 0.00657241 -0.089091 
===in_channel===
-0.326203 -0.328844 0.182692 
-0.0558065 -0.594801 0.0477563 
-0.221704 0.118248 0.148945 
===in_channel===
0.0342318 -0.0577312 0.0321093 
-0.188536 0.022294 0.250766 
-0.0964782 -0.134178 -0.154652 
===in_channel===
-0.0263009 0.11442 0.00172324 
-0.490118 -0.0338311 0.34261 
-0.453534 -0.0634939 0.199241 
===in_channel===
-0.0757765 0.193245 0.218945 
-0.492689 0.294466 0.526869 
-0.337882 -0.266784 0.1436 
===in_channel===
-0.115761 -0.194082 -0.0300015 
-0.378511 -0.172796 0.363728 
-0.353528 -0.332576 -0.123372 
===in_channel===
0.306187 -0.0887449 0.0058138 
0.0109197 -0.567916 -0.0774503 
-0.0299111 -0.508943 -0.103538 
===in_channel===
-0.0872597 -0.0428208 0.153398 
0.0921256 -0.868598 -0.122825 
-0.117725 -0.374261 0.196035 
===in_channel===
0.168242 0.0823555 0.228793 
-0.418265 0.131831 0.401551 
0.015384 -0.333735 0.151763 
===in_channel===
0.0239573 -0.0541478 -0.249046 
-0.226709 0.0526891 -0.487086 
-0.00638982 -0.33614 -0.0387408 
===in_channel===
-0.142142 -0.126858 -0.0935232 
-0.245737 0.229376 0.0152738 
-0.134118 0.168768 -0.0956786 
===in_channel===
-0.493547 -0.295671 -0.0714241 
-0.335286 0.433524 -0.268151 
-0.0563253 0.261282 -0.0129852 
===in_channel===
0.358933 0.142502 0.02528 
-0.370614 0.198595 0.0995605 
-0.369425 0.333119 0.19959 
===in_channel===
0.336803 0.151663 -0.12924 
-0.348322 0.117971 -0.316391 
0.0507467 -0.235151 -0.196251 
===in_channel===
0.26904 0.186178 -0.031369 
-0.452556 0.448349 0.11513 
-0.182387 0.0594613 0.344701 
===in_channel===
0.0533892 0.303218 0.0629455 
-0.646071 0.114972 0.322671 
-0.433366 -0.114779 0.30306 
===in_channel===
0.401302 -0.197724 -0.197895 
-0.278445 -0.157037 -0.614757 
0.0195445 -0.143926 -0.197586 
===in_channel===
0.0255468 -0.0449154 -0.0279204 
-0.551828 0.426122 0.308382 
-0.108304 -0.0287407 -0.127493 
===in_channel===
-0.258928 0.143937 0.314378 
-0.170005 -0.0533556 0.16902 
-0.330248 -0.253569 0.0698232 
===in_channel===
0.0496425 0.285665 -0.0302929 
-0.515079 0.327941 0.572289 
-0.0515727 0.0776584 0.0383754 
===in_channel===
-0.0329846 -0.115288 0.360304 
-0.177264 -0.315549 0.279511 
0.199214 -0.529697 -0.0905234 
===in_channel===
0.0901823 0.109384 0.176505 
-0.240093 -0.0531208 0.293656 
-0.415622 -0.113355 0.0367676 
===in_channel===
-0.107634 -0.273094 0.101087 
0.0559786 -0.326355 0.142211 
0.000214215 -0.370276 0.143243 
===in_channel===
0.187124 -0.514942 -0.330561 
-0.177259 -0.626189 -0.467934 
0.215645 -0.255884 -0.244607 
===in_channel===
-0.202335 -0.306502 0.274078 
-0.21041 -0.500997 0.322901 
-0.404614 -0.666786 -0.0217367 
===in_channel===
-0.299774 -0.280166 -0.353135 
-0.253577 -0.788837 -0.409222 
-0.174734 -0.064634 -0.200059 
===in_channel===
0.153301 0.476826 0.161548 
-0.35378 0.318029 0.568608 
-0.342903 0.319766 0.0977825 
===in_channel===
0.0756696 -0.118845 -0.164641 
-0.0934001 -0.1342 -0.598989 
0.152184 -0.475444 -0.184146 
===in_channel===
-0.0649207 0.0602346 0.50229 
0.614792 -0.0667127 0.238012 
0.366504 -0.184366 0.378095 
===in_channel===
-0.401946 -0.553525 -0.17745 
-0.192124 -0.612296 -0.372953 
-0.339914 -0.386315 -0.661236 
===in_channel===
-0.359529 -0.274365 0.598028 
0.0149925 -0.253712 0.175325 
-0.21365 0.00315363 0.294378 
===in_channel===
===out_channel===
-0.892287 0.484554 0.695293 
-0.21402 0.965577 0.395957 
0.220163 0.146821 -0.0419911 
===in_channel===
-0.459191 -0.449801 -0.279138 
-0.232382 0.23434 0.158571 
-0.0700535 -0.181469 -0.17192 
===in_channel===
0.0628639 -0.0630248 0.0594252 
-0.447542 -0.0529045 -0.0839694 
0.0483295 -0.0209438 0.0233239 
===in_channel===
0.0546442 0.296016 -0.147487 
0.367945 0.262252 -0.148293 
-0.0408756 -0.318348 -0.240567 
===in_channel===
-0.327669 0.307344 0.490997 
0.303937 0.320564 -0.156837 
0.0988243 -0.17481 -0.137088 
===in_channel===
-0.227038 0.329476 0.0304695 
-0.0256527 0.455914 -0.226163 
0.028057 -0.259122 -0.0027795 
===in_channel===
-0.00845984 0.463167 0.173246 
0.297591 0.0424596 -0.376374 
0.175442 -0.0899897 -0.0607372 
===in_channel===
-0.312493 0.221674 0.195011 
-0.132857 0.737246 0.517885 
0.263368 0.0429574 -0.402395 
===in_channel===
-0.540446 -0.236823 0.249485 
-0.534707 0.536859 0.511615 
0.0666426 -0.0259651 -0.141134 
===in_channel===
-0.28043 0.195188 0.312636 
0.251551 0.486174 -0.119089 
-0.091425 0.109902 -0.218483 
===in_channel===
-0.854741 -0.796823 -0.155936 
-0.803452 -0.574141 -0.453141 
0.159709 -0.0314493 -0.46683 
===in_channel===
0.153392 0.433782 0.0604358 
0.37156 0.0559469 -0.829246 
-0.12704 -0.178411 -0.217693 
===in_channel===
0.432168 0.730017 -0.15731 
1.0148 0.241106 0.0614903 
-0.0129697 -0.63413 0.248175 
===in_channel===
-0.335506 -0.188436 -0.224761 
-0.12108 -0.11599 0.181458 
0.0778879 0.128125 0.272644 
===in_channel===
-0.369932 -0.607696 -0.290358 
-0.70819 -0.478631 -0.159527 
0.197166 0.122795 -0.365225 
===in_channel===
-0.549197 -0.521291 -0.614029 
-0.800947 -0.980437 -0.379958 
0.0811388 -0.271651 0.0869052 
===in_channel===
-0.0308377 0.109865 0.121647 
0.519566 -0.0815792 -0.541608 
0.163467 -0.307533 0.36763 
===in_channel===
-0.630653 -0.50945 -0.168162 
-0.183104 -0.0375017 -0.00701497 
0.273319 0.15767 -0.459923 
===in_channel===
0.305899 0.570776 -0.0167041 
0.586835 0.178141 -0.818627 
0.0964909 -0.51669 0.228567 
===in_channel===
-0.313734 0.221336 -0.162827 
0.329693 0.000210779 -0.397494 
-0.000242003 -0.112072 0.11425 
===in_channel===
0.0295069 -0.367411 -0.108228 
0.13713 0.221434 0.051421 
-0.0724959 -0.153698 0.393433 
===in_channel===
-0.600482 -0.0834115 0.118976 
-0.743242 0.273232 0.0678727 
-0.0437091 -0.13376 -0.164356 
===in_channel===
-0.393294 0.267996 0.143865 
-0.060319 0.62079 -0.322836 
0.336782 -0.254684 -0.243553 
===in_channel===
-0.957597 0.303128 0.517899 
0.0744408 0.388756 0.175374 
-0.115618 0.234729 -0.0651536 
===in_channel===
-0.0838099 0.139103 0.450019 
-0.120962 0.527652 0.421662 
0.616021 0.0766415 -0.0630025 
===in_channel===
-0.54303 -0.108857 -0.421701 
-0.547922 -0.363297 -0.164132 
-0.26762 -0.202284 0.104716 
===in_channel===
-0.151009 -0.0333615 -0.89667 
0.215065 -0.472798 -0.378893 
-0.705494 0.116604 0.599549 
===in_channel===
-0.0276253 0.228504 -0.182419 
0.587465 -0.274705 -0.812093 
0.209869 -0.00803406 0.0636304 
===in_channel===
-0.52286 -0.375813 0.166849 
-0.500271 -0.297022 0.0360031 
0.0662686 0.0260258 -0.285896 
===in_channel===
-0.0945468 -0.324612 0.134035 
-0.409172 -0.284974 0.136615 
-0.0826788 -0.185179 -0.0926489 
===in_channel===
-0.0473872 -0.131548 -0.454395 
0.0450945 -0.239527 -0.401354 
-0.917658 -0.139038 -0.00626471 
===in_channel===
-0.737086 -0.0575876 0.279871 
-0.147332 0.296392 0.0345943 
0.136736 -0.0023031 -0.0778637 
===in_channel===
===out_channel===
0.211992 -0.231964 -0.516354 
0.0277343 -0.200654 -0.118675 
0.0309551 0.00354706 0.427831 
===in_channel===
0.185843 0.145809 -0.341017 
-0.266409 -0.448568 -0.124005 
0.0876597 0.107376 0.070152 
===in_channel===
0.0239955 -0.0759475 0.0508332 
0.234692 0.0508599 -0.229814 
-0.462927 0.0928066 0.15984 
===in_channel===
0.0935787 -0.350583 0.161215 
-0.0714923 0.237213 0.122562 
-0.218305 0.164181 -0.275443 
===in_channel===
0.158696 0.117481 0.154066 
-0.0499527 0.148174 0.184549 
-0.0870778 0.28505 -0.194585 
===in_channel===
0.280682 -0.27277 -0.16159 
-0.331035 0.0368948 0.256712 
-0.0794797 0.0859234 0.181039 
===in_channel===
0.207461 -0.245003 -0.360297 
-0.0715795 -0.0837911 0.36053 
-0.104594 0.0613781 0.00504049 
===in_channel===
0.272372 -0.282399 -0.36912 
-0.17857 -0.549004 0.323143 
0.211902 0.442274 0.109817 
===in_channel===
0.115498 -0.240157 -0.00306779 
0.294761 -0.749546 -0.276432 
-0.229482 0.359564 0.222722 
===in_channel===
0.318567 -0.264765 -0.0115101 
0.015061 -0.257404 -0.0173737 
0.200242 0.0686073 0.0330973 
===in_channel===
0.0463547 -0.0894323 0.0719395 
0.0394889 -0.168241 -0.247606 
-0.264942 -0.0332399 -0.274763 
===in_channel===
-0.25243 -0.406467 -0.0566969 
-0.0109076 0.00565296 0.119109 
0.0374888 0.247301 -0.313276 
===in_channel===
-0.382833 -0.261454 0.0235148 
0.293857 0.519517 0.0897551 
0.305577 -0.0663465 -0.412675 
===in_channel===
-0.0535396 -0.199511 -0.142935 
-0.603164 -0.461689 -0.157048 
0.0228387 -0.114025 -0.265892 
===in_channel===
0.0793825 -0.253072 -0.0394582 
0.179643 -0.0504207 -0.0974162 
-0.177374 0.354819 0.0315428 
===in_channel===
-0.00157227 -0.238605 -0.312056 
-0.369046 -0.224539 -0.368538 
-0.208135 0.0163559 -0.514976 
===in_channel===
-0.159229 -0.374 0.220678 
0.0847174 0.352521 0.189108 
0.271327 -0.124495 -0.356378 
===in_channel===
0.063663 -0.0487906 -0.0446533 
0.187804 -0.430665 -0.176674 
0.166962 0.241452 0.124885 
===in_channel===
0.0739042 -0.403862 -0.191583 
0.0786757 0.465558 0.464974 
0.0236292 0.23464 -0.342643 
===in_channel===
-0.25549 -0.34516 -0.0921517 
-0.223359 0.397831 0.169385 
-0.188143 -0.0980318 -0.407461 
===in_channel===
0.291595 0.0792766 0.0966086 
-0.469148 -0.420922 -0.412295 
0.106235 -0.201077 0.170548 
===in_channel===
-0.0938655 0.0834309 -0.340933 
-0.232465 -0.303187 -0.3456 
-0.00109303 0.176551 -0.0018217 
===in_channel===
0.0958426 0.0473496 -0.173636 
-0.274654 0.170707 0.410466 
0.0576952 0.182075 -0.108328 
===in_channel===
0.085686 -0.200627 -0.387377 
0.0152509 -0.308442 -0.000647956 
-0.205633 0.0756484 -0.0415676 
===in_channel===
-0.0479291 -0.421746 -0.306691 
0.377101 -0.0372469 -0.0373571 
-0.226033 0.0609549 0.323338 
===in_channel===
-0.088434 -0.208889 0.00465851 
0.204707 0.0374565 -0.23458 
-0.298844 -0.392065 -0.549339 
===in_channel===
-0.25908 0.0326753 0.283956 
0.215738 0.0113964 0.0681943 
0.261019 -0.260108 0.00830833 
===in_channel===
-0.032535 0.0074852 -0.146804 
-0.303497 -0.130902 0.157207 
0.425374 -0.286743 -0.0362016 
===in_channel===
0.313243 0.193395 0.0177572 
0.249262 -0.273797 0.0254901 
0.0750273 0.296823 0.22332 
===in_channel===
-0.14549 -0.441057 -0.277566 
-0.296129 -0.45465 0.068459 
-0.248908 -0.309113 -0.277485 
===in_channel===
-0.0560016 -0.101521 -0.0221764 
-0.120663 0.445427 -0.0455641 
0.220445 0.172197 -0.432882 
===in_channel===
-0.136644 -0.347216 0.015339 
-0.270971 -0.363856 -0.405595 
-0.348871 0.0353703 -0.143164 
===in_channel===
===out_channel===
-0.179967 -0.0405767 0.0804536 
0.246636 0.140237 0.0701297 
-0.00663643 -0.0826954 -0.145211 
===in_channel===
0.0416977 0.192322 0.279759 
0.075221 -0.0521823 0.299403 
-0.118266 -0.144699 0.739302 
===in_channel===
0.179364 -0.142302 0.345176 
-0.400422 -0.283379 0.0403462 
0.10807 0.171694 -0.233944 
===in_channel===
0.31831 0.0365332 0.343175 
-0.2139 -0.195407 0.269242 
-0.495202 -0.710533 -0.451574 
===in_channel===
0.246042 0.109615 0.440299 
0.318222 0.304145 0.421655 
-0.49404 -0.344711 0.288007 
===in_channel===
0.0178339 -0.0739916 0.558443 
0.0331951 0.229563 0.510028 
-0.233864 -0.409324 0.105102 
===in_channel===
0.366684 0.233839 0.210427 
0.337553 0.266766 0.48536 
-0.437508 -0.402554 -0.383599 
===in_channel===
-0.119758 0.324469 -0.308032 
0.246264 0.214633 -0.225953 
0.167631 -0.24206 0.0460072 
===in_channel===
0.143149 0.175189 0.0460056 
-0.107377 -0.0393578 -0.0864364 
-0.34165 -0.38689 -0.355548 
===in_channel===
0.0354094 0.204237 0.000898275 
0.0592474 -0.0500484 0.0759896 
-0.422365 -0.31301 -0.0949295 
===in_channel===
0.198349 0.251531 -0.0760578 
-0.118132 0.162077 -0.0136927 
0.400995 0.525617 0.762833 
===in_channel===
0.188826 0.081737 0.303123 
-0.326549 -0.283657 0.162849 
-0.0258862 -0.28684 -0.229689 
===in_channel===
-0.10609 -0.117724 0.125902 
-0.388186 -0.0949125 0.180365 
-0.659807 -0.129002 -0.0685393 
===in_channel===
0.0656742 -0.0227773 0.38445 
0.314596 0.365145 0.218943 
-0.402979 0.173393 0.328159 
===in_channel===
-0.0382222 -0.0330224 -0.119968 
-0.132171 0.0082749 -0.028799 
0.0834727 0.593813 0.946019 
===in_channel===
-0.00730575 0.28851 0.185648 
-0.587787 0.316126 -0.014888 
0.189197 0.600998 0.464556 
===in_channel===
0.0939092 0.0424556 0.441751 
0.129403 0.0668389 0.28355 
-0.759538 -0.249959 -0.15804 
===in_channel===
-0.207108 -0.128284 -0.0910464 
-0.104549 -0.0813389 -0.187362 
0.163308 0.0268466 0.595873 
===in_channel===
0.135981 -0.0420733 0.310622 
-0.18222 -0.222221 0.30811 
-0.615632 -0.307321 -0.136658 
===in_channel===
0.07766 9.32542e-05 0.242435 
0.219016 0.141016 0.0314819 
-0.706903 -0.612915 -0.234094 
===in_channel===
-0.151727 0.2732 0.409295 
0.471657 0.194701 0.473592 
-0.625395 -0.284568 0.253629 
===in_channel===
0.325646 -0.119981 0.0174387 
0.106083 0.113952 -0.00755877 
-0.041085 -0.396737 -0.447961 
===in_channel===
-0.0639272 0.269723 0.242218 
0.0392096 -0.0524968 0.0970687 
-0.46622 -0.380125 0.0324482 
===in_channel===
0.209046 -0.163889 0.162377 
-0.0672745 -0.0222986 -0.203393 
-0.184468 -0.566331 -0.474371 
===in_channel===
-0.212699 -0.39382 0.0230016 
-0.0991027 -0.0721035 -0.382862 
0.0237584 -0.0209104 0.107821 
===in_channel===
0.0701161 0.268797 0.123067 
-0.135145 0.39238 0.132777 
-0.0815765 -0.506395 -0.553483 
===in_channel===
0.288191 -0.0542566 0.239906 
-0.725153 -0.481263 0.278574 
-0.538171 -0.145827 -0.0212366 
===in_channel===
-0.212732 0.0656335 0.382583 
0.131839 0.244764 0.438218 
-0.36553 -0.371457 0.00879481 
===in_channel===
-0.271682 -0.176947 0.197512 
0.0604532 -0.32176 0.0337169 
0.163771 0.188585 0.823922 
===in_channel===
0.12155 0.122573 -0.0657755 
-0.116872 -0.036672 0.00529393 
-0.403644 -0.0433242 -0.781036 
===in_channel===
0.117672 0.169646 0.200551 
-0.48348 -0.231061 -0.0785971 
-0.347654 -0.504685 -0.166123 
===in_channel===
0.163264 0.225368 0.27258 
0.0922981 0.0329333 0.0983643 
-0.0213441 -0.359151 -0.539096 
===in_channel===
===out_channel===
0.193273 -0.0843761 0.0745441 
0.15283 0.585654 -0.313205 
0.000563384 0.226432 -0.218941 
===in_channel===
-0.0519911 -0.112153 0.0326718 
-0.168218 0.317628 0.0677855 
-0.0491812 -0.574117 0.409079 
===in_channel===
-0.269968 0.0364882 -0.30082 
-0.384691 -0.298787 0.251334 
-0.24728 0.182618 -0.114957 
===in_channel===
-0.249451 0.00998975 -0.384054 
0.175824 0.0599661 -0.0309181 
0.246571 0.129594 -0.133706 
===in_channel===
-0.255211 -0.105768 -0.139888 
0.0329201 0.20278 -0.356811 
0.12943 -0.338592 0.322329 
===in_channel===
-0.366732 0.337285 0.00566624 
0.278301 0.214874 -0.274762 
0.3902 -0.264146 0.326864 
===in_channel===
0.0567889 0.0628077 -0.0151847 
0.184045 -0.0941224 -0.220983 
0.243288 -0.1431 -0.253518 
===in_channel===
-0.0917673 -0.124138 0.00848824 
-0.374482 0.451695 -0.240735 
-0.074109 0.176064 -0.335488 
===in_channel===
0.124991 -0.281722 0.355116 
-0.162574 0.158482 -0.149193 
-0.247957 0.205134 -0.448938 
===in_channel===
-0.0484952 -0.0854073 -0.0523463 
0.223481 0.1445 -0.451406 
0.165385 -0.0455705 0.249489 
===in_channel===
-0.10057 -0.300121 -0.276878 
-0.587031 0.187292 0.00907093 
-0.24219 -0.569558 0.542864 
===in_channel===
-0.191771 0.348377 -0.288296 
0.194775 -0.210553 -0.0696391 
-0.0542794 -0.290034 0.316063 
===in_channel===
0.0571849 0.276463 -0.425462 
0.592497 -0.552691 0.399319 
0.633837 -0.543999 0.623283 
===in_channel===
0.132179 -0.2764 0.0807876 
-0.11471 -0.414168 0.0618233 
-0.0909243 -0.337142 0.672441 
===in_channel===
0.0504112 -0.0342184 -0.126159 
-0.377577 0.263429 -0.156402 
-0.2235 -0.543402 0.0493566 
===in_channel===
0.207323 -0.351811 -0.179602 
-0.141237 0.12648 0.175608 
-0.51211 -0.57609 0.686237 
===in_channel===
0.0862766 0.352215 -0.125117 
0.0427274 -0.222917 0.344256 
0.357773 -0.221798 0.424993 
===in_channel===
0.0567082 -0.0243391 -0.101383 
-0.228837 0.416093 -0.0946527 
-0.278579 -0.525517 0.292045 
===in_channel===
0.229308 0.19775 -0.429151 
0.460269 -0.318505 0.17166 
0.363596 -0.674414 0.480751 
===in_channel===
-0.242631 0.333345 -0.458718 
0.391288 -0.25421 -0.18179 
0.288474 -0.238878 -0.00472646 
===in_channel===
-0.0743458 -0.113975 0.296289 
-0.223254 0.451699 0.116333 
0.324352 -0.639905 0.529945 
===in_channel===
0.055703 0.0405148 -0.104412 
-0.0911435 0.0432619 -0.0410041 
0.128982 0.427483 -0.398023 
===in_channel===
-0.301307 0.180558 0.00289426 
0.24473 0.0202098 -0.103196 
0.178479 -0.0075602 0.238338 
===in_channel===
0.051435 0.0537782 0.322786 
0.164387 0.148653 -0.377009 
-0.00193243 0.507908 -0.454079 
===in_channel===
0.103206 -0.438064 0.220012 
-0.104415 0.485593 -0.366744 
0.120902 0.114914 -0.358797 
===in_channel===
-0.052958 -0.273421 -0.498216 
0.0516232 -0.21584 0.0742765 
-0.528989 0.127941 -0.437242 
===in_channel===
0.113968 -0.127132 -0.331146 
0.202775 -0.347324 0.383341 
-0.320295 -0.2885 0.25713 
===in_channel===
-0.0384416 0.145608 -0.123727 
0.222061 -0.497359 0.053089 
0.328561 -0.599998 0.392059 
===in_channel===
0.163442 -0.280844 -0.0532129 
-0.672916 0.303659 0.0515117 
0.0674265 -0.495632 0.00330415 
===in_channel===
0.330088 -0.403262 -0.0259568 
0.018777 0.255588 -0.120272 
-0.325167 0.772441 -0.258444 
===in_channel===
-0.251434 0.218297 -0.293314 
-0.208252 -0.0341681 0.333494 
-0.204041 0.124806 -0.365011 
===in_channel===
-0.0827193 -0.0940045 0.184721 
-0.0809537 -0.0175422 -0.351883 
-0.266801 0.160985 -0.620261 
===in_channel===
===out_channel===
-0.0978407 0.401707 0.0839503 
0.166696 0.507165 0.430762 
0.232921 0.623433 -0.104587 
===in_channel===
-0.323612 -0.564944 -0.253681 
-0.443197 -0.474772 -0.538653 
-0.491944 0.0401006 -0.131422 
===in_channel===
0.155374 0.127793 0.167032 
-0.428372 0.130472 0.308033 
0.1356 0.342241 -0.0831461 
===in_channel===
-0.102185 0.234193 0.176687 
-0.134551 0.0988062 -0.0444255 
-0.0938811 0.218393 -0.369242 
===in_channel===
0.076087 -0.0673951 0.228566 
-0.140025 0.376051 -0.0643077 
-0.239273 0.235824 -0.0897527 
===in_channel===
0.250397 -0.00428311 0.00791727 
-0.191084 0.121175 -0.298743 
0.144257 0.497818 -0.394098 
===in_channel===
0.157111 0.247815 -0.0713229 
-0.0747086 0.394367 0.01215 
-0.174784 0.243817 -0.109669 
===in_channel===
-0.313185 0.395128 -0.0402048 
-0.389196 0.135275 0.541388 
-0.283017 0.18427 0.261976 
===in_channel===
-0.136787 0.44297 -0.108791 
-0.353614 0.246151 0.593583 
0.108362 0.198708 0.126929 
===in_channel===
0.00160598 0.0690087 -0.155455 
0.140242 0.0195062 -0.185132 
0.131498 0.265113 0.119451 
===in_channel===
-0.497599 -0.565997 -0.326745 
-0.525167 -0.992069 -0.359132 
-0.0532916 -0.235219 -0.18372 
===in_channel===
-0.237952 0.210607 0.159595 
0.133392 0.0110533 -0.621702 
0.311774 0.166504 -0.514234 
===in_channel===
0.46362 0.135304 -0.153396 
0.618246 0.325989 -0.248222 
0.340704 -0.108008 -0.102957 
===in_channel===
0.264887 0.0514864 -0.277661 
0.377309 -0.0251945 -0.360609 
0.285044 0.155618 0.0492791 
===in_channel===
-0.206828 -0.574408 -0.00282154 
-0.680545 -0.856686 -0.465363 
-0.357391 -0.462276 -0.519137 
===in_channel===
-0.0789871 -0.463616 -0.22652 
-0.0639651 -0.553122 -0.134461 
0.272548 -0.453803 -0.276518 
===in_channel===
0.275014 0.0437543 0.000332435 
0.00507906 0.0810367 -0.683628 
0.198098 0.291985 -0.318088 
===in_channel===
-0.537928 -0.16936 0.237836 
-0.593114 -0.635978 -0.16141 
-0.152006 0.208804 -0.360731 
===in_channel===
-0.0667734 0.0687883 -0.169322 
0.121574 -0.00949971 -0.731724 
0.399777 -0.00630963 -0.287238 
===in_channel===
-0.231281 0.373236 -0.309422 
-0.149922 0.337529 -0.483923 
0.0662304 -0.138925 -0.217335 
===in_channel===
0.351611 0.028774 0.0322957 
0.288446 0.122393 -0.569484 
-0.349948 0.310358 -0.0286086 
===in_channel===
-0.265037 0.339967 -0.285465 
-0.349632 0.519185 0.301725 
-0.355658 0.290042 0.167232 
===in_channel===
0.247373 0.253259 0.16111 
0.141039 0.158881 -0.166415 
-0.244591 0.184028 -0.102248 
===in_channel===
-0.0108737 0.343668 0.302795 
-0.0571852 0.304466 0.328125 
-0.109872 -0.065359 0.32898 
===in_channel===
-0.297045 0.0333969 0.0817473 
-0.723689 0.0574329 0.288051 
-0.0340419 0.0845977 0.0193182 
===in_channel===
-0.60073 0.252126 -0.0694029 
-0.266595 -0.0261894 0.261889 
-0.542772 -0.06073 0.108043 
===in_channel===
-0.297673 0.143693 -0.447841 
-0.780181 -0.488797 -0.268831 
-0.236259 -0.2413 0.242377 
===in_channel===
0.35972 0.179846 -0.422121 
0.568902 0.680097 -0.836864 
0.15619 0.616065 -0.481784 
===in_channel===
-0.209581 -0.507514 -0.139456 
-0.651335 -0.793358 -0.524889 
-0.331911 -0.269738 -0.133342 
===in_channel===
-0.531305 0.442628 0.324844 
-0.321082 0.871027 0.249449 
-0.361917 0.152965 0.369406 
===in_channel===
-0.322538 0.0540615 -0.291116 
-0.96613 -0.623639 -0.305899 
-0.257332 -0.723631 0.0122472 
===in_channel===
-0.197135 0.00170272 0.204489 
0.0684884 0.569173 0.272876 
0.219145 0.319958 0.334704 
===in_channel===
===out_channel===
-0.303651 0.244498 0.522959 
-0.773284 0.619642 0.0476485 
-0.0685892 0.289643 0.0123525 
===in_channel===
-0.406018 -0.452129 -0.246262 
-0.393968 -0.285279 -0.0359179 
-0.33631 -0.240493 0.139862 
===in_channel===
0.110103 0.144678 -0.236134 
-0.0423978 -0.102988 -0.0396315 
0.205766 0.0276927 -0.152042 
===in_channel===
-0.131289 0.123969 -0.401437 
0.314996 0.260123 -0.302874 
0.14793 -0.185865 -0.371403 
===in_channel===
-0.226624 0.135556 -0.212526 
0.112666 0.404069 -0.361732 
0.209546 0.252551 -0.02857 
===in_channel===
0.0787048 -0.0371479 -0.0675824 
-0.142639 0.2803 -0.28577 
0.283513 -0.245459 0.0521286 
===in_channel===
-0.144658 0.204675 0.027635 
-0.0754359 -0.0576242 -0.14955 
-0.00819119 0.103524 -0.0801086 
===in_channel===
-0.467302 0.356955 0.0945557 
-0.586066 0.349312 0.333628 
-0.408538 0.421069 -0.146144 
===in_channel===
-0.269576 0.0285225 0.205117 
-0.178554 0.49831 0.449193 
0.0102993 0.60671 0.0646641 
===in_channel===
-0.0407966 -0.0735442 0.21504 
-0.343126 0.362865 -0.127547 
0.220519 0.0832451 -0.231197 
===in_channel===
-0.0182972 -0.921906 -0.207027 
-0.28924 -0.489925 -0.176292 
-0.592979 0.0445351 0.269379 
===in_channel===
-0.056721 0.442546 -0.411591 
0.147876 0.261042 -0.577662 
0.292395 -0.349601 -0.032638 
===in_channel===
0.491733 0.379316 -0.654709 
0.647567 0.29365 0.545113 
0.584427 0.048031 0.608052 
===in_channel===
0.35059 0.105261 -0.324393 
0.477051 0.029129 0.0204161 
0.185576 -0.212762 0.73696 
===in_channel===
-0.109915 -0.544747 -0.153169 
-0.591508 -0.512024 -0.551169 
-0.422798 -0.35266 -0.267365 
===in_channel===
-0.0378635 -0.635963 -0.511225 
0.0905299 -0.571521 -0.242949 
0.283888 -0.0188742 0.578065 
===in_channel===
0.25937 0.00458692 -0.234471 
0.0361027 0.176147 -0.250854 
0.270891 -0.233715 0.341379 
===in_channel===
-0.172999 -0.179285 0.126692 
-0.78406 -0.083507 -0.159698 
-0.341251 -0.269862 -0.182628 
===in_channel===
0.305763 0.203123 -0.532849 
0.422606 0.0968412 0.103976 
0.245658 -0.499705 0.581621 
===in_channel===
-0.163987 -0.00455037 -0.399745 
0.352442 0.037999 -0.272223 
0.139046 0.0118577 -0.164309 
===in_channel===
0.222324 0.158122 0.131677 
0.193284 0.340136 0.0121652 
0.25757 -0.238761 0.25569 
===in_channel===
-0.598808 0.176368 0.174108 
-0.389646 0.389543 0.420855 
-0.501187 0.407688 0.0999035 
===in_channel===
-0.196305 0.378219 0.192382 
-0.23936 0.174607 -0.199234 
-0.133081 -0.00322675 -0.393559 
===in_channel===
-0.43564 0.50764 0.166289 
-0.227309 0.5212 -0.0765683 
-0.311014 0.659045 -0.166928 
===in_channel===
0.0946867 0.622004 0.17387 
-0.385493 0.223417 0.274761 
-0.459591 0.428883 -0.196334 
===in_channel===
-0.552757 -0.136981 -0.297217 
-0.232034 0.110874 0.0831724 
-0.478904 0.290931 -0.0160178 
===in_channel===
-0.0332906 -0.16403 -0.366125 
-0.0232205 -0.671025 0.0312923 
-0.136149 -0.177992 0.140579 
===in_channel===
-0.0296168 0.500823 -0.595433 
0.53314 0.178535 -0.237763 
0.164753 0.0741039 0.310727 
===in_channel===
0.0838161 -0.481093 0.112031 
-0.940479 -0.179137 -0.00470389 
-0.687847 -0.509308 0.0311806 
===in_channel===
-0.339081 0.204227 0.413761 
-0.207556 0.474114 0.342894 
-0.2915 0.79032 0.067852 
===in_channel===
-0.459924 -0.214942 -0.694249 
-0.00209231 -0.534571 -0.384312 
-0.579587 -0.514787 -0.190856 
===in_channel===
-0.573023 0.0745072 0.0355943 
-0.57589 0.397318 -0.117789 
-0.153055 0.308097 -0.102458 
===in_channel===
===out_channel===
0.212804 -0.481193 -0.204046 
-0.438054 -0.36997 -0.416452 
-0.0670042 0.476199 0.398543 
===in_channel===
0.372641 0.00872612 -0.467534 
-0.636474 -0.913964 -0.219761 
-0.0297442 -0.168857 0.255397 
===in_channel===
-0.619058 0.109949 0.133886 
0.0205048 0.0962375 -0.0917554 
-0.121097 0.157666 0.0368989 
===in_channel===
-0.577832 -0.303866 0.203045 
0.167995 0.139122 0.0110492 
-0.138349 -0.0726276 -0.0340065 
===in_channel===
0.298149 -0.0465482 -0.212122 
-0.40757 0.0371573 0.289704 
0.0611663 0.387364 0.384103 
===in_channel===
0.256922 -0.216986 -0.0899424 
-0.424946 0.130199 -0.0638308 
0.185793 0.334844 0.133575 
===in_channel===
-0.0476674 -0.0609741 -0.269775 
-0.284126 0.0787017 0.475948 
0.291722 -0.000647518 0.0787771 
===in_channel===
0.0399691 -0.00445928 -0.305779 
-0.154263 -0.148459 0.286104 
0.304431 0.635657 0.154925 
===in_channel===
-0.296337 0.0170163 0.0908683 
-0.546475 -0.272375 0.0489239 
-0.0653686 0.550919 0.0202082 
===in_channel===
-0.00187184 0.150729 -0.00340668 
-0.536527 -0.0252148 0.0401831 
-0.006313 0.15783 0.216337 
===in_channel===
0.30701 0.364456 0.0189693 
-0.575976 -0.230308 -0.0443038 
-0.235388 -0.138136 -0.184742 
===in_channel===
-0.307976 -0.346443 -0.132892 
0.110155 0.376122 0.0828697 
-0.0510963 -0.100088 0.0394461 
===in_channel===
-0.331221 -0.530827 -0.151335 
0.254467 0.275361 0.351819 
0.413869 0.220853 -0.125562 
===in_channel===
0.144571 -0.186534 -0.366799 
-0.306943 -0.850595 -0.197891 
0.328604 -0.538119 0.249616 
===in_channel===
0.21237 -0.013515 -0.0439554 
-0.431067 -0.758666 -0.055321 
-0.202619 -0.102083 0.0711767 
===in_channel===
0.197754 0.0557683 -0.255616 
-0.545109 -0.711898 -0.524369 
-0.436596 -0.705516 -0.453144 
===in_channel===
-0.414682 -0.216199 0.0167119 
0.208055 0.206534 0.296686 
0.142762 0.163982 -0.248134 
===in_channel===
0.335622 -0.146418 -0.36271 
-0.562561 -0.37076 0.148116 
-0.288549 0.299981 0.281733 
===in_channel===
-0.436226 -0.104174 -0.253066 
0.293558 0.532507 0.308329 
0.561255 0.201058 0.0715943 
===in_channel===
-0.0524291 -0.00749267 -0.199221 
0.173242 0.454267 0.233087 
0.371086 0.271442 -0.208284 
===in_channel===
0.178152 -0.0819723 -0.275765 
-0.243892 -0.432797 -0.0180828 
-0.0910022 -0.258144 0.194894 
===in_channel===
-0.135251 -0.0255939 0.0688677 
-0.216837 -0.457734 -0.163446 
-0.288908 0.182849 -0.173668 
===in_channel===
0.119267 0.10412 -0.118482 
-0.282241 -0.0071475 0.41658 
0.0536324 0.291099 0.182203 
===in_channel===
0.0292319 -0.370606 -0.0222592 
-0.325978 -0.367932 -0.274508 
0.0231583 0.359119 0.211363 
===in_channel===
-0.138235 0.286689 -0.444499 
0.00856679 -0.203642 -0.0575962 
-0.103814 0.308673 0.0148006 
===in_channel===
-0.583575 -0.435208 0.246305 
-0.106337 -0.332695 0.109954 
-0.247796 -0.556213 -1.01627 
===in_channel===
-0.180134 -0.238602 0.244863 
0.399759 0.380141 0.584152 
0.258804 -0.0773245 -0.560876 
===in_channel===
0.132801 -0.161462 -0.11613 
-0.0379376 -0.107343 0.0771397 
0.383299 -0.127565 0.167161 
===in_channel===
0.0997491 0.102739 -0.181253 
-0.0504916 -0.374261 -0.00239297 
-0.560598 -0.000337692 0.0819476 
===in_channel===
-0.259857 -0.452111 -0.258659 
-0.0322765 -0.333964 -0.0756747 
0.125678 -0.144169 -0.456524 
===in_channel===
-0.493431 -0.028898 0.109585 
0.0870555 0.148531 0.20653 
-0.289984 -0.346375 -0.535601 
===in_channel===
-0.351962 0.143794 -0.0852911 
-0.515618 -0.176174 -0.285222 
-0.527862 0.0472385 -0.118607 
===in_channel===
===out_channel===
-0.376652 -0.103204 0.326738 
-0.111305 0.0333964 -0.149166 
-0.0752432 0.00936464 0.0334023 
===in_channel===
0.0742728 0.584646 0.299357 
0.230032 0.0201012 0.0956511 
-0.472634 -0.516491 -0.149551 
===in_channel===
-0.021274 -0.0900906 0.393901 
-0.0248435 0.0770052 -0.133994 
-0.0550381 -0.232483 -0.236758 
===in_channel===
-0.119433 0.247318 0.14249 
-0.29934 -0.647835 -0.0948841 
-0.338834 0.123471 0.281265 
===in_channel===
0.185028 0.331575 0.373972 
0.219968 -0.130635 0.16496 
-0.339983 -0.070861 -0.287822 
===in_channel===
0.209717 0.422926 0.244149 
-0.147402 -0.121354 -0.121162 
-0.602762 -0.210445 -0.31463 
===in_channel===
-0.0670564 -0.0229995 0.243625 
-0.269446 -0.509222 -0.0786042 
-0.554413 -0.0722365 0.0458758 
===in_channel===
-0.0769493 0.0237513 0.164046 
-0.0334776 0.18433 0.170034 
-0.373616 -0.000412549 0.0370001 
===in_channel===
-0.325774 0.0426716 0.414659 
-0.110736 0.104142 0.0910699 
-0.0752774 0.0610799 -0.139896 
===in_channel===
0.122823 0.353693 0.113468 
-0.142401 -0.157195 -0.0575449 
-0.640668 -0.26477 0.0194266 
===in_channel===
0.221921 0.128874 0.768008 
0.49684 0.295721 0.488881 
0.0852089 -0.00764035 0.0403196 
===in_channel===
0.023701 0.102239 0.0937632 
-0.415159 -0.240463 -0.0128765 
-0.150982 -0.0568709 0.261152 
===in_channel===
-0.174206 0.0737387 -0.209679 
0.0792443 -0.0495147 -0.161958 
0.27601 0.338775 -0.0919176 
===in_channel===
-0.157762 0.222155 0.288389 
0.12333 -0.152027 -0.169104 
-0.201311 -0.4011 -0.74915 
===in_channel===
0.100038 0.487929 0.574371 
0.323968 0.0610894 0.155689 
-0.183219 -0.0183409 -0.122402 
===in_channel===
-0.190063 0.222683 0.631499 
-0.0532528 0.253795 0.0820559 
0.0120536 -0.382783 -0.000730477 
===in_channel===
0.192948 0.36822 -0.132747 
-0.432667 -0.317918 -0.0387132 
-0.373721 -0.151516 0.126536 
===in_channel===
0.0882571 0.370122 0.388588 
0.463743 0.168405 0.0574384 
-0.236935 -0.0270908 -0.041759 
===in_channel===
-0.032933 0.266926 0.234245 
-0.249402 -0.267856 0.146594 
0.195964 0.229848 0.171506 
===in_channel===
0.173515 -0.0672594 -0.15248 
-0.109925 -0.615763 -0.177421 
-0.262134 -0.0919453 0.160576 
===in_channel===
0.248388 0.250109 0.254723 
0.201916 -0.0652628 0.0770841 
-0.566002 -0.476262 -0.671027 
===in_channel===
-0.191014 -0.167047 0.333009 
-0.172172 -0.396307 -0.100542 
-0.28316 -0.431451 -0.255346 
===in_channel===
0.193537 0.255372 0.102027 
0.0497655 -0.141826 0.00151862 
-0.681308 -0.253647 0.151311 
===in_channel===
0.244742 0.0562934 0.0151479 
-0.324942 -0.113802 -0.0849161 
-0.466119 -0.461336 -0.0783096 
===in_channel===
-0.25538 -0.0150172 0.160594 
-0.00167434 0.0393499 0.00795289 
-0.207121 0.129729 0.465944 
===in_channel===
0.194289 -0.163405 0.29134 
-0.126454 -0.308958 -0.268446 
-0.0339812 0.113294 0.164572 
===in_channel===
-0.198567 0.358934 0.195863 
-0.465083 0.128428 0.092236 
0.200406 0.331496 0.315825 
===in_channel===
-0.189406 0.00398061 0.257373 
-0.247945 -0.397616 -0.151083 
0.0484052 -0.192059 -0.174496 
===in_channel===
0.29184 0.418702 0.148108 
0.135203 0.0946954 0.114326 
-0.0290883 0.0424864 0.081142 
===in_channel===
0.188337 0.497255 0.334993 
-0.102867 -0.339037 -0.389158 
-0.0261708 -0.167802 -0.307206 
===in_channel===
0.128428 0.334314 -0.0309734 
-0.267936 -0.0683123 -0.237341 
0.219883 0.0379372 0.109735 
===in_channel===
-0.248847 -0.0691154 0.269609 
-0.310463 -0.0170656 -0.2123 
-0.52943 -0.515864 -0.00616363 
===in_channel===
===out_channel===
0.709881 0.214218 0.296609 
0.247438 -0.712379 -0.604696 
-0.444565 -0.0431522 -0.425416 
===in_channel===
0.809878 0.0416066 0.103429 
0.379279 0.0993102 0.126664 
0.0157291 0.661848 0.526773 
===in_channel===
-0.151253 0.067628 0.145441 
0.181511 0.1902 0.716109 
0.449317 0.320817 0.501468 
===in_channel===
-0.248686 -0.422773 -0.291112 
-0.249046 0.315321 0.0609166 
0.31937 0.392834 0.572592 
===in_channel===
0.506752 -0.119053 -0.218926 
-0.617668 -0.756526 -0.537456 
0.0872695 0.135811 0.251303 
===in_channel===
0.46537 0.103929 0.0724612 
-0.49378 -0.73526 -0.721128 
-0.231966 -0.000451927 0.148248 
===in_channel===
0.245263 -0.375257 -0.115273 
-0.730303 -0.0607252 -0.0431835 
-0.0126325 0.302825 0.400826 
===in_channel===
0.763227 0.0814672 0.219369 
0.0218508 -0.414552 -0.541729 
0.00665383 0.0485588 -0.0380883 
===in_channel===
0.420878 0.232014 0.338418 
-0.0679149 -0.302403 -0.598638 
0.0648907 0.0550871 -0.371134 
===in_channel===
0.557292 0.193508 -0.160498 
-0.338171 -0.756254 -0.28382 
-0.0756724 0.201357 0.1181 
===in_channel===
0.558983 0.203486 0.429338 
0.135461 -0.00130037 0.0989433 
-0.126835 0.401741 0.0964444 
===in_channel===
0.138319 0.0124326 -0.11856 
-0.142839 0.180545 0.101523 
0.32253 0.23508 0.259794 
===in_channel===
-0.131375 -0.162447 -0.535746 
0.257119 0.480516 -0.419045 
0.265647 0.167505 -0.0408166 
===in_channel===
0.337676 0.237811 -0.258348 
-0.497431 -0.258867 -0.408472 
-0.0238861 0.62829 0.253046 
===in_channel===
0.65753 0.348976 0.405442 
0.489433 0.301063 0.114027 
-0.485706 0.622169 0.190313 
===in_channel===
0.0575953 -0.145131 0.474705 
-0.00480761 -0.105372 0.167212 
-0.315359 0.611278 -0.183779 
===in_channel===
-0.248333 -0.349496 -0.408956 
-0.296347 0.13019 0.0386919 
0.298944 0.484164 0.147515 
===in_channel===
0.605493 0.130931 0.371612 
0.832471 0.181695 0.264643 
-0.410746 0.623967 0.204951 
===in_channel===
0.0673076 -0.194244 0.0715342 
-0.118776 0.0088593 -0.205301 
0.187823 0.310308 -0.111249 
===in_channel===
0.237139 -0.55963 -0.424144 
-0.479245 0.1366 -0.137455 
0.300616 0.350875 0.0830336 
===in_channel===
0.62922 0.0576492 -0.122069 
-0.31313 -0.162069 -0.36473 
-0.219563 0.560356 0.436914 
===in_channel===
0.339296 0.339683 -0.0501661 
-0.0545598 -0.26703 0.212211 
-0.0452721 0.293091 0.209884 
===in_channel===
0.582287 -0.191727 -0.256241 
-0.78648 -0.668912 -0.547277 
0.12483 0.26843 0.241746 
===in_channel===
0.346039 0.276537 0.00948151 
0.106159 -0.695971 -0.516128 
0.0719508 0.14979 0.201705 
===in_channel===
0.764796 0.581976 0.082163 
0.860344 0.0310493 -0.394469 
-0.39097 0.0920001 -0.469428 
===in_channel===
0.0315481 -0.141838 -0.219489 
-0.00131166 0.0608465 0.209716 
0.142016 0.61 0.652991 
===in_channel===
0.215555 0.172051 -0.271856 
0.492867 0.291363 0.640339 
0.708632 0.388069 0.471208 
===in_channel===
-0.20928 -0.1951 -0.510361 
-0.571667 -0.28618 -0.0945841 
0.0154727 0.0435048 -0.0922027 
===in_channel===
0.647055 0.386189 0.110811 
0.600492 0.244378 0.0508532 
-0.342015 0.205268 -0.109802 
===in_channel===
0.126504 0.0502547 -0.354787 
-0.457674 -0.676061 -0.472682 
0.0842532 -0.0731208 -0.35541 
===in_channel===
0.181936 0.0189527 -0.126915 
0.415201 0.138582 0.431722 
0.362848 0.863541 0.566481 
===in_channel===
0.0457112 0.295209 -0.0802558 
-0.0466039 -0.365524 0.293772 
0.226139 0.176638 0.243427 
===in_channel===
===out_channel===
-0.0654917 -0.351498 0.21817 
-0.379906 0.150832 -0.217433 
-0.350262 -0.35631 -0.174496 
===in_channel===
0.0334606 -0.175349 -0.238874 
-0.146784 -0.19752 0.171713 
0.128995 -0.0451839 0.246265 
===in_channel===
-0.208567 0.082897 0.28522 
-0.428149 -0.489972 0.031248 
0.332672 0.243474 -0.150187 
===in_channel===
-0.203763 0.164669 0.218934 
0.157096 0.273201 0.136698 
-0.2056 -0.223188 -0.44639 
===in_channel===
0.0370866 0.267096 -0.187898 
0.247864 0.349626 -0.0654599 
-0.343454 -0.0392451 -0.0970002 
===in_channel===
0.229191 0.253304 -0.224292 
0.320453 0.101919 -0.0189143 
-0.228008 -0.0421651 0.208226 
===in_channel===
0.224591 -0.0770075 0.0964909 
0.25243 -0.0475024 0.195226 
-0.393691 -0.443637 -0.0792537 
===in_channel===
0.00282954 -0.296034 -0.051761 
-0.195178 -0.155458 -0.0568091 
-0.223903 0.0595592 -0.129359 
===in_channel===
-0.113109 -0.194743 0.244637 
-0.213938 0.0554418 -0.131938 
-0.229485 0.0355266 -0.375749 
===in_channel===
0.0446172 -0.195069 -0.300996 
0.252243 0.11877 0.250582 
-0.409426 0.0278145 0.267305 
===in_channel===
-0.228045 -0.412314 0.185039 
-0.153673 -0.130573 -0.141021 
-0.0104952 0.395919 0.170811 
===in_channel===
-0.413772 0.0982268 -0.293631 
-0.109427 0.0862697 0.120626 
-0.119134 -0.0401284 0.012099 
===in_channel===
-0.231995 -0.288692 -0.344639 
-0.242126 -0.124196 -0.126459 
-0.23306 -0.639197 -0.483763 
===in_channel===
0.0610025 -0.145164 -0.0386254 
-0.183496 0.0108868 -0.0585472 
-0.242341 -0.18404 0.0414897 
===in_channel===
-0.151558 -0.383031 -0.0374547 
0.0917054 -0.426755 -0.0744146 
0.333564 0.331976 0.45769 
===in_channel===
-0.139889 0.059527 0.280629 
-0.209059 -0.255379 -0.13187 
0.351322 0.549186 0.250261 
===in_channel===
-0.0317174 -0.10035 -0.187797 
0.127158 0.344194 -0.0185253 
-0.234645 -0.327777 0.129363 
===in_channel===
0.101154 -0.58286 -0.0824679 
-0.154762 -0.0565457 0.124015 
0.0542128 0.149159 0.382525 
===in_channel===
-0.0133357 -0.288917 -0.2848 
0.0193798 0.0771933 0.10245 
0.0524108 -0.535922 -0.381513 
===in_channel===
-0.0899531 0.0668575 -0.0764238 
0.256514 0.345923 0.17163 
-0.305195 -0.156793 -0.426986 
===in_channel===
0.258311 0.0685207 -0.131603 
0.0962179 0.0873274 -0.0894266 
-0.226647 -0.239013 0.0274077 
===in_channel===
0.245892 0.0761052 -0.0681596 
0.0123844 0.0301927 0.278925 
-0.0691085 -0.404836 -0.124778 
===in_channel===
0.229518 0.0114495 0.129678 
-0.0414182 0.137532 0.284638 
0.00711957 -0.173048 0.139487 
===in_channel===
0.212692 -0.0529064 0.0606227 
0.141813 0.0835382 0.0663207 
-0.266067 -0.115374 -0.296319 
===in_channel===
-0.0312063 -0.656707 -0.420685 
0.00371255 -0.566183 -0.0581517 
0.108211 -0.111818 -0.181988 
===in_channel===
-0.0185876 0.0283604 0.472575 
0.146965 -0.14004 0.0976862 
-0.465316 -0.118918 -0.276171 
===in_channel===
-0.180694 -0.36641 0.271405 
-0.053797 0.0115676 0.174392 
-0.0670847 -0.541017 -0.393732 
===in_channel===
0.026101 0.0112973 0.00806001 
-0.0483367 -0.157479 -0.19965 
-0.411288 -0.390571 0.323006 
===in_channel===
-0.437428 -0.357365 -0.250294 
0.0855115 -0.270762 -0.16663 
0.460156 0.533818 0.378155 
===in_channel===
0.055938 0.190174 0.0377718 
0.226123 -0.124608 -0.102056 
-0.0215935 -0.20202 -0.169292 
===in_channel===
-0.26707 -0.224704 0.281069 
-0.315795 -0.129198 -0.0781385 
-0.213284 -0.420912 -0.270687 
===in_channel===
0.0714746 0.163859 0.0693975 
-0.0268496 0.0588803 -0.0525945 
-0.0995217 0.0949161 -0.492563 
===in_channel===
===out_channel===
-0.263757 -0.0259076 -0.672214 
-0.184255 -0.664394 -0.464565 
-0.255059 -0.0500808 -0.315368 
===in_channel===
-0.278899 -0.0190666 0.612827 
0.0611709 -0.144571 -0.447618 
0.375472 0.518976 0.534981 
===in_channel===
0.228826 -0.19997 -0.316685 
0.067793 0.210347 0.398604 
0.147507 0.0994936 0.207891 
===in_channel===
0.0550751 -0.00640662 -0.579753 
0.375449 0.31196 -0.0851058 
-0.274776 0.0892718 0.113673 
===in_channel===
0.0675718 -0.107167 0.090677 
-0.0805049 -0.0411556 -0.417597 
0.126366 0.235653 0.307483 
===in_channel===
0.0506247 -0.43855 -0.0187475 
0.248838 -0.00372327 -0.243672 
0.0266206 0.566908 -0.0576848 
===in_channel===
-0.0331498 -0.390999 -0.521842 
0.365627 0.0539355 -0.152092 
-0.0138809 0.4947 0.128845 
===in_channel===
0.0179525 -0.071156 -0.206156 
-0.0778768 -0.932668 -0.550928 
-0.0390821 0.321315 0.166244 
===in_channel===
-0.232416 -0.32428 -0.664683 
0.12586 -0.0368384 -0.234115 
0.172814 -0.214935 0.175993 
===in_channel===
-0.227023 -0.0632578 0.175178 
0.268621 -0.316242 -0.344554 
0.272918 0.485022 0.148179 
===in_channel===
0.232325 0.511704 0.305419 
0.548809 -0.105784 0.167759 
0.348407 0.30246 0.536631 
===in_channel===
0.224885 -0.182233 0.00200176 
0.128105 0.148561 0.0352801 
-0.448183 0.168042 -0.130386 
===in_channel===
-0.236113 -0.373043 -0.160302 
-0.154372 -0.217228 -0.249825 
0.0562153 -0.24215 -0.349444 
===in_channel===
-0.394763 0.120379 0.252403 
-0.140652 -0.678392 -0.33771 
0.153199 0.251073 0.271776 
===in_channel===
0.0014396 0.184236 0.527984 
0.456548 -0.0735298 0.00876779 
0.288248 0.708653 0.502641 
===in_channel===
0.0791264 0.746373 0.770013 
0.235481 -0.15546 -0.0266577 
0.112842 0.243964 0.374716 
===in_channel===
-0.258443 -0.667288 -0.0811453 
0.170916 -0.0552319 0.0750787 
0.349778 0.361051 0.313448 
===in_channel===
-0.264501 0.0696692 0.146254 
0.38088 -0.57815 -0.456761 
0.0800581 0.63158 0.171778 
===in_channel===
-0.15057 -0.356655 0.0526252 
-0.0820267 -0.259343 -0.103259 
-0.244478 0.114626 -0.083684 
===in_channel===
-0.00294137 -0.354179 -0.5242 
0.155945 0.0787252 0.250546 
-0.18246 0.370476 0.37182 
===in_channel===
-0.201795 -0.363353 0.174658 
0.422825 -0.155771 -0.380453 
0.178538 0.241088 0.694562 
===in_channel===
0.0752649 0.0308557 -0.814418 
0.216151 0.136872 0.337267 
0.243069 0.390921 0.429569 
===in_channel===
-0.310163 -0.12213 0.0428664 
0.188583 -0.132726 -0.280511 
0.327666 0.537953 0.26514 
===in_channel===
-0.0857615 -0.233298 -0.485583 
-0.0115633 -0.206585 -0.285596 
0.00862839 -0.180832 0.347779 
===in_channel===
0.119819 -0.315051 -0.496446 
-0.620596 -0.487997 -0.229023 
-0.345789 -0.122623 -0.0624953 
===in_channel===
0.303993 0.126407 -0.65654 
0.552377 0.369927 0.453641 
0.170373 0.0871797 0.670175 
===in_channel===
0.0455769 -0.148714 -0.743221 
0.0472952 0.264799 0.250132 
-0.0133882 -0.0675505 0.169847 
===in_channel===
-0.186693 -0.343671 0.0277306 
-0.0709931 -0.274449 -0.484953 
0.288812 0.186401 -0.0765783 
===in_channel===
-0.175459 -0.0645075 0.363041 
0.159408 -0.211458 0.012377 
0.126352 0.303659 0.230426 
===in_channel===
-0.142624 -0.158571 -0.936073 
-0.0283177 -0.0432699 0.0401808 
-0.0451925 -0.150125 0.270367 
===in_channel===
0.364567 0.186377 -0.561577 
0.259149 0.730591 0.677985 
-0.259994 0.342279 0.102849 
===in_channel===
-0.0196949 0.0268403 -0.536264 
0.427186 0.116652 0.041416 
0.0781109 -0.133448 0.165009 
===in_channel===
===out_channel===
0.0526423 -0.0763466 -0.22236 
-0.166 -0.0435584 0.233723 
-0.40892 -0.441303 -0.242166 
===in_channel===
-0.134229 -0.51406 -0.205373 
0.395632 -0.138823 0.0642659 
0.0433297 0.43115 0.0120512 
===in_channel===
0.306176 0.254458 -0.0523917 
-0.0242948 -0.0317292 -0.163407 
-0.470649 0.158088 0.154077 
===in_channel===
-0.152082 0.060365 -0.167611 
-0.288368 0.283419 -0.0143491 
-0.503724 0.22887 0.238938 
===in_channel===
0.130788 0.227383 0.0418207 
0.332056 0.19015 0.0646536 
-0.340939 0.412234 0.181496 
===in_channel===
0.0944699 0.373885 -0.131035 
0.0387477 0.475604 -0.261192 
-0.120466 0.305379 -0.179626 
===in_channel===
-0.0508166 0.321021 -0.0236325 
-0.00275592 0.397793 0.0731437 
-0.340481 -0.122091 0.0793043 
===in_channel===
-0.359691 -0.303688 0.0284384 
-0.279203 -0.516165 -0.0416324 
0.0164081 -0.290636 -0.0503742 
===in_channel===
-0.35276 -0.134264 0.00545496 
-0.316383 0.0469526 0.156117 
-0.377388 -0.337397 0.122586 
===in_channel===
0.215963 0.297146 0.145217 
0.0935219 0.0502415 0.120146 
-0.29351 0.120723 0.188783 
===in_channel===
-0.240466 -0.421405 -0.30776 
-0.282469 -0.772652 -0.0808384 
0.0453928 0.0498046 -0.097675 
===in_channel===
-0.0559607 0.051271 -0.280791 
0.244645 -0.319112 -0.476011 
-0.214947 0.286526 -0.111982 
===in_channel===
-0.0428958 -0.368221 -0.197759 
0.0825781 -0.206658 -0.756456 
-0.369138 -0.482216 -0.957632 
===in_channel===
0.0574753 -0.232509 -0.377089 
0.145329 0.321945 -0.487554 
0.199737 0.184 -0.0501899 
===in_channel===
-0.262179 -0.756772 -0.0138265 
0.0471559 -0.487388 -0.248793 
0.123219 0.341834 0.0666988 
===in_channel===
0.129864 -0.595391 -0.248409 
0.407511 -0.352166 -0.0112859 
0.247195 0.341212 0.04504 
===in_channel===
0.403926 -0.101679 -0.235226 
0.275464 0.119644 -0.301893 
-0.263455 0.342925 0.134628 
===in_channel===
-0.21674 -0.759002 -0.0097497 
-0.0457597 -0.501471 -0.0206248 
0.121202 -0.107507 -0.204663 
===in_channel===
0.16649 -0.204059 -0.159908 
-0.138228 -0.248388 -0.700469 
-0.119892 -0.0157522 -0.327648 
===in_channel===
0.269878 0.398741 -0.28679 
-0.193715 0.186967 -0.289071 
-0.36195 0.129332 0.263187 
===in_channel===
0.394824 -0.180492 -0.299186 
0.227392 0.317191 -0.302666 
-0.127031 0.778303 0.0332039 
===in_channel===
-0.0884415 0.00965626 -0.118579 
-0.252012 0.494743 0.449785 
-0.175476 0.0560453 0.586177 
===in_channel===
0.0950254 0.35452 0.0898064 
0.163999 0.183893 0.211085 
-0.480699 0.339377 -0.10944 
===in_channel===
-0.0709664 -0.130881 -0.0704597 
-0.254704 -0.0417748 0.460754 
-0.411853 -0.221139 0.362045 
===in_channel===
-0.493747 -0.0884974 -0.0943717 
-0.408634 -0.799248 -0.116308 
-0.505072 -0.519182 -0.233951 
===in_channel===
-0.180008 -0.230993 -0.134491 
-0.206331 0.203012 0.189283 
-0.618311 -0.197286 0.593276 
===in_channel===
-0.196186 -0.318513 -0.422918 
-0.431526 -0.232818 -0.314443 
0.0317202 -0.612938 -0.0817226 
===in_channel===
0.306532 -0.11057 -0.148951 
0.378096 0.122197 -0.692179 
-0.0767191 0.605236 -0.193966 
===in_channel===
-0.0225721 -0.570161 -0.385912 
-0.0191586 -0.920006 -0.661122 
-0.0405363 0.0476633 -0.239255 
===in_channel===
-0.362533 0.0441873 -0.0884276 
-0.0875587 0.13953 -0.113112 
-0.647307 -0.0134141 0.620836 
===in_channel===
0.208981 -0.336339 -0.305645 
-0.388233 -0.266974 -0.173985 
-0.443421 -0.834492 -0.140906 
===in_channel===
-0.00645947 0.107308 -0.139535 
-0.19058 0.213129 0.136368 
-0.600116 -0.136767 0.474218 
===in_channel===
===out_channel===
-0.16709 -0.199516 0.167821 
-0.608849 -0.797338 0.0642671 
-0.008119 -0.83732 0.21411 
===in_channel===
0.569353 0.307172 0.00637991 
-0.236378 0.569225 0.0779271 
-0.280521 -0.323832 0.0785671 
===in_channel===
-0.296276 -0.0403464 0.176082 
0.103044 0.028765 0.253438 
0.272373 0.591828 0.167813 
===in_channel===
-0.509578 -0.0591252 0.24584 
-0.0830219 -0.567873 -0.219897 
0.335718 0.406556 0.294649 
===in_channel===
-0.0682362 0.289062 0.289336 
-0.633801 0.23999 0.0554773 
-0.093254 -0.405553 -0.0998934 
===in_channel===
0.121507 0.528064 0.224155 
-0.608313 0.147899 0.105414 
-0.325324 -0.381116 -0.133134 
===in_channel===
-0.321041 0.00150674 -0.0716906 
-0.88721 -0.447478 -0.130524 
0.0127134 0.225145 -0.0779878 
===in_channel===
-0.0569518 -0.00448296 0.26489 
-0.525679 -0.385052 0.148398 
-0.402546 -0.470349 -0.0410449 
===in_channel===
0.0217501 -0.194679 0.436484 
-0.328868 -0.59296 0.251384 
0.0977994 -0.287098 0.00287219 
===in_channel===
-0.164765 0.151029 0.486083 
-0.76743 0.180448 -0.00911708 
-0.226472 -0.515149 0.142218 
===in_channel===
0.22685 0.416207 0.49593 
0.422869 0.601702 0.374077 
-0.151188 -0.336175 -0.106074 
===in_channel===
-0.212177 -0.0222951 -0.262064 
-0.109391 -0.0196116 -0.513642 
0.0148231 0.25415 0.2929 
===in_channel===
-0.213039 -0.0860528 -0.616741 
-0.339941 -0.288518 0.142693 
0.0217024 0.266973 0.0895042 
===in_channel===
0.638547 0.224227 0.288911 
-0.251573 0.0717998 -0.0281084 
-0.4823 -0.420408 0.0540379 
===in_channel===
0.555841 0.274084 0.209711 
0.185329 0.559404 0.274658 
-0.443291 -0.338846 0.119186 
===in_channel===
0.531049 0.472617 0.322099 
0.67594 0.293175 0.0662006 
-0.367188 -0.0452808 -0.258756 
===in_channel===
-0.0549514 0.196826 -0.0430193 
-0.611081 0.204236 0.194422 
-0.107816 0.201072 -0.173157 
===in_channel===
0.135449 0.353958 0.143327 
-0.114889 0.162171 -0.0992019 
-0.215974 -0.544311 0.0879579 
===in_channel===
0.172169 -0.0537192 -0.50208 
-0.536536 -0.263299 -0.168751 
0.297335 0.153172 0.170871 
===in_channel===
-0.157909 0.342313 0.132826 
-0.568199 -0.534698 0.210388 
0.340548 0.299385 0.1541 
===in_channel===
0.3343 0.498156 0.390095 
-0.825892 0.200852 -0.191568 
-0.427589 -0.391805 -0.223209 
===in_channel===
-0.291639 -0.109932 0.623361 
-0.780195 -0.527972 0.152185 
0.219976 -0.1073 -0.245658 
===in_channel===
0.217779 0.172256 0.155403 
-0.596952 -0.0291119 -0.262719 
0.271267 -0.412639 0.0884291 
===in_channel===
-0.00102905 -0.0705227 0.39719 
-0.312549 -0.546981 0.0741437 
-0.23793 -0.33595 0.166398 
===in_channel===
-0.1172 -0.214051 -0.00417683 
-0.543509 -0.115232 -0.0244586 
-0.142835 -0.284125 -0.274929 
===in_channel===
-0.51824 0.0789141 0.379361 
-0.0259708 -0.331733 0.228029 
0.465046 0.178921 -0.0946721 
===in_channel===
-0.0574595 -0.347444 -0.231215 
-0.517534 -0.70486 0.44844 
0.588712 0.314759 -0.0651523 
===in_channel===
0.437648 0.382604 -0.255601 
-0.42173 -0.0779215 -0.364996 
-0.236387 -0.121809 0.0109336 
===in_channel===
0.563415 0.211947 0.58397 
0.0365118 0.50513 0.392355 
-0.640562 -0.304927 -0.0842863 
===in_channel===
-0.437936 -0.208215 0.310834 
0.270935 0.0650208 -0.26196 
0.264092 -0.321094 -0.251371 
===in_channel===
-0.179004 -0.154987 -0.0363011 
-0.223077 -0.122688 0.0601041 
0.581293 0.332607 0.131981 
===in_channel===
-0.15161 0.254288 0.646428 
-0.287252 -0.353749 0.219316 
0.387155 0.315853 0.169261 
===in_channel===
===out_channel===
-0.269685 0.184242 0.412611 
-0.0891124 -0.761603 -0.669691 
-0.247267 -0.223881 -0.0856133 
===in_channel===
0.536254 0.550909 0.609276 
0.1326 -0.131874 -0.611406 
-0.0786504 -0.0110943 -0.129166 
===in_channel===
0.015928 0.397014 0.159481 
0.026965 -0.0875001 0.266179 
-0.151667 0.0447421 -0.0420793 
===in_channel===
-0.30579 -0.572765 -0.500975 
-0.267375 -0.19335 -0.0629171 
0.0303657 0.585441 0.511761 
===in_channel===
0.160577 0.550561 -0.00490608 
-0.662115 -0.853614 -0.54534 
-0.0362454 0.251106 0.283432 
===in_channel===
0.269899 0.245044 0.188269 
-0.611994 -1.01857 -0.740624 
0.140869 0.133499 0.0312639 
===in_channel===
-0.199124 -0.184295 -0.323646 
-0.222907 -0.514421 -0.37839 
0.163133 0.145331 0.466641 
===in_channel===
0.0980278 0.470307 0.787979 
-0.016352 -0.05073 -0.485458 
-0.11314 0.248561 -0.228659 
===in_channel===
0.117164 0.339305 0.478235 
-0.545958 -0.451656 -0.449583 
0.0171153 0.124092 -0.320485 
===in_channel===
0.0820113 0.424783 0.329727 
-0.55436 -0.585847 -0.732633 
-0.102942 0.27929 0.0767743 
===in_channel===
0.952635 0.818668 0.40212 
0.208452 0.657355 -0.000911124 
-0.517968 -0.117425 -0.0746547 
===in_channel===
-0.171542 -0.0758462 -0.0605592 
0.0219377 -0.0412676 0.0521569 
0.130118 0.254629 0.474677 
===in_channel===
-0.416554 -0.167666 -0.476525 
0.00381097 0.0960661 -0.228546 
0.422499 0.386765 0.269549 
===in_channel===
0.670801 0.227362 -0.134092 
-0.294174 -0.641719 -0.701275 
0.233747 0.0614579 0.251185 
===in_channel===
0.70816 0.725614 0.505973 
0.186939 0.38075 0.090508 
-0.28591 -0.262676 0.152026 
===in_channel===
0.504134 0.723253 0.044971 
0.0388102 0.502341 -0.276178 
-0.217149 -0.0505637 -0.343614 
===in_channel===
0.116487 -0.214277 -0.651201 
-0.356874 -0.323115 -0.323184 
0.175021 0.267449 0.394241 
===in_channel===
0.643719 0.765382 0.684376 
-0.00336339 0.437211 -0.256006 
-0.173356 -0.0806781 -0.0607478 
===in_channel===
-0.212256 0.016708 -0.352172 
-0.0985547 -0.37688 -0.148395 
0.211748 0.581617 0.162865 
===in_channel===
-0.477685 -0.401193 -0.450377 
-0.267816 -0.00622152 -0.210997 
-0.0168365 0.588685 0.647933 
===in_channel===
0.216564 0.383742 0.128219 
-0.196053 -0.6157 -0.655895 
-0.200735 0.0963134 0.249047 
===in_channel===
-0.421103 -0.320467 0.381979 
-0.616455 -0.220707 -0.239057 
-0.0758081 -0.0060542 0.260384 
===in_channel===
0.283477 0.143752 -0.129603 
-0.802284 -0.554862 -0.782812 
-0.246652 0.244351 0.322718 
===in_channel===
-0.352158 -0.0912681 0.111763 
-0.540059 -0.634691 -0.434765 
0.137533 -0.268347 0.0328358 
===in_channel===
-0.17061 0.664408 0.811476 
0.178009 0.20396 0.203108 
0.210496 0.305553 -0.429331 
===in_channel===
-0.397459 -0.664345 -0.0933351 
0.226426 -0.101964 0.407611 
0.131523 0.3946 0.259073 
===in_channel===
-0.415367 -0.548035 -0.339252 
0.314723 0.542134 0.590871 
0.13573 0.534896 0.518364 
===in_channel===
0.133234 0.0877183 -0.547012 
-0.692729 -0.571482 -0.230187 
-0.00717154 0.156298 0.509538 
===in_channel===
0.300473 0.601214 0.557816 
0.109152 0.712647 0.299163 
-0.380841 -0.283575 0.133381 
===in_channel===
-0.0180549 -0.682892 -0.186219 
0.21286 -0.158214 -0.528885 
-0.413269 0.438633 -0.183198 
===in_channel===
-0.101353 -0.111826 -0.336163 
0.251183 0.445709 0.516854 
0.348922 0.471734 0.474059 
===in_channel===
-0.0237177 0.0397716 -0.0616344 
-0.331791 -0.43889 0.0369804 
-0.323024 0.310351 0.184895 
===in_channel===
===out_channel===
0.608402 -0.245036 0.298631 
1.0142 -0.392369 0.460778 
0.470204 -0.374946 0.459986 
===in_channel===
-0.0552477 -0.543284 -0.261937 
-0.153678 -0.655559 -0.36991 
-0.394655 -0.380784 -0.108113 
===in_channel===
0.275362 -0.0342875 0.0142343 
0.227326 -0.433798 0.160943 
-0.193541 -0.253285 0.484067 
===in_channel===
0.225043 -0.269321 0.18563 
-0.312883 0.0414877 0.0273994 
-0.279324 0.031468 0.290027 
===in_channel===
-0.0306656 -0.423154 0.375715 
-0.100548 -0.121788 0.227919 
-0.569775 0.00939886 0.191822 
===in_channel===
-0.21188 -0.490529 0.256386 
-0.0372533 -0.155021 0.563447 
-0.460868 0.19819 0.292446 
===in_channel===
-0.0535593 -0.468158 0.121683 
-0.201032 -0.167209 0.239214 
-0.104237 -0.154136 0.411611 
===in_channel===
0.594501 -0.147163 -0.130389 
0.851136 -0.948055 0.220848 
0.265811 -0.633577 -0.164423 
===in_channel===
0.538419 -0.126618 -0.229309 
0.585776 -0.508603 0.538552 
0.403449 -0.362352 0.444263 
===in_channel===
0.327629 -0.0930399 0.0600416 
0.0384251 -0.381677 0.306417 
-0.300586 0.133057 0.281005 
===in_channel===
-0.271193 -0.641437 -0.588847 
-0.497473 -0.596503 -0.776648 
-0.288826 -0.44946 -0.441195 
===in_channel===
-0.335718 -0.0957356 0.394471 
-0.515644 0.479399 0.268637 
0.0686359 0.0503563 0.27721 
===in_channel===
-0.725603 0.624879 0.424001 
-0.0123184 0.723773 0.646053 
0.139969 0.52725 0.117669 
===in_channel===
-0.34012 -0.156235 0.105034 
-0.594607 0.259767 0.0955967 
0.218848 0.30635 0.249502 
===in_channel===
0.0488985 -0.640364 -0.829392 
-0.267367 -0.721533 -0.68972 
-0.00313156 -0.444448 -0.441905 
===in_channel===
-0.129439 -0.254805 -0.530349 
-0.383205 -0.644486 -0.400001 
-0.0808056 0.0733897 -0.340139 
===in_channel===
-0.608161 0.321676 0.43466 
-0.294992 -0.0353884 0.427402 
-0.0561823 0.368943 0.24195 
===in_channel===
-0.0494288 -0.669172 -0.756732 
-0.376159 -0.97291 -0.561454 
-0.121896 -0.655057 -0.509094 
===in_channel===
-0.498013 0.433432 0.571873 
-0.619169 0.25474 0.254414 
-0.162449 0.490251 0.177782 
===in_channel===
-0.0303774 -0.242627 0.15233 
-0.628347 -0.0558442 0.159672 
-0.399437 -0.0220881 0.267399 
===in_channel===
-0.172637 -0.380432 0.0055409 
-0.114394 0.0655277 0.164302 
-0.0726019 0.100306 0.162004 
===in_channel===
0.326338 -0.522035 0.00811488 
0.774496 -1.00272 0.201285 
-0.0542474 -0.74792 0.0523488 
===in_channel===
0.439086 -0.534134 0.190815 
-0.22028 -0.315107 0.516949 
-0.402782 -0.199527 0.487127 
===in_channel===
0.899797 -0.172831 0.212594 
0.522185 -0.485632 0.423928 
0.474891 -0.670098 0.124282 
===in_channel===
0.098315 0.353791 0.0639159 
0.975689 0.116949 0.218863 
0.606515 -0.107053 1.18883e-05 
===in_channel===
0.203037 -0.213137 -0.0144789 
0.227153 -0.776413 -0.346618 
0.0221637 -0.491893 0.190401 
===in_channel===
-0.124241 0.00218777 -0.0287165 
-0.265478 -0.322908 -0.222553 
-0.242274 -0.422488 -0.0536257 
===in_channel===
-1.00087 0.0446705 0.402587 
-0.307694 0.618374 0.287465 
-0.0702802 0.206049 0.549162 
===in_channel===
-0.0954954 -0.356315 -0.699114 
0.397297 -1.01597 -1.01727 
0.25558 -0.229894 -0.701646 
===in_channel===
0.235778 -0.0789705 0.220017 
0.592738 -0.125115 -0.153525 
0.129579 -0.634106 0.268712 
===in_channel===
-0.172199 -0.237294 -0.0502737 
-0.498123 -0.592019 -0.379323 
-0.236334 -0.259073 -0.295565 
===in_channel===
0.417255 -0.803174 0.160979 
0.360715 -0.84302 0.457391 
-0.23504 -0.206772 0.353152 
===in_channel===
===out_channel===
0.151756 -0.436942 -0.462128 
-0.552174 -0.157309 -0.244892 
-0.161266 -0.39486 -0.36428 
===in_channel===
-0.0208338 -0.332972 0.0627094 
0.466803 0.652782 -0.130631 
0.415415 0.802927 0.613477 
===in_channel===
0.260284 0.31 0.228426 
0.133829 -0.0949843 -0.182049 
-0.044955 -0.624135 -0.23243 
===in_channel===
0.0708953 0.36514 0.0822902 
-0.0525359 -0.0769155 0.318146 
-0.585649 -0.617495 -0.436129 
===in_channel===
0.0587989 -0.00117513 -0.296363 
0.235303 -0.030453 -0.205764 
0.0485621 0.339591 0.253065 
===in_channel===
0.179436 -0.351741 -0.659692 
0.0780314 0.409888 0.0041951 
0.179672 0.351926 0.344053 
===in_channel===
0.170587 0.103065 -0.329147 
0.267996 0.459907 0.173246 
-0.450376 -0.311177 -0.0646619 
===in_channel===
-0.22415 -0.255562 -0.0963473 
-0.0247307 -0.453087 -0.0581272 
-0.0861617 0.0568206 -0.0894458 
===in_channel===
-0.0451093 -0.228454 0.144906 
-0.0601459 -0.271328 0.00845836 
-0.233507 -0.30993 -0.299049 
===in_channel===
0.00642621 -0.410983 -0.231798 
0.376556 0.418936 0.106112 
-0.200907 0.067044 0.347107 
===in_channel===
-0.349691 -0.085571 0.679572 
0.745538 0.204167 -0.227602 
0.224457 0.339193 0.776272 
===in_channel===
0.104642 0.00523977 0.121347 
-0.0947461 0.0729462 -0.140953 
-0.364007 -0.19114 -0.215716 
===in_channel===
-0.292304 -0.40081 -0.369526 
-0.259427 -0.263451 -0.442797 
-0.584643 -0.410393 -0.517243 
===in_channel===
0.213913 -0.170935 0.177477 
0.292654 0.0919775 -0.0400919 
0.223837 0.612793 0.261739 
===in_channel===
-0.248352 -0.695422 0.384002 
0.584921 0.0105348 -0.330292 
0.532775 0.824602 0.75522 
===in_channel===
-0.160021 -0.185664 0.375507 
0.803864 0.0720092 -0.486537 
0.226239 0.697405 0.705422 
===in_channel===
-0.108864 -0.0193805 -0.10159 
0.219202 0.104991 -0.176951 
-0.187363 -0.165812 0.139088 
===in_channel===
-0.238761 -0.690413 0.229744 
0.314852 0.2575 -0.408895 
0.231917 0.769165 0.460187 
===in_channel===
0.136899 0.00547156 -0.487143 
-0.167029 -0.000870352 -0.0470811 
-0.325092 -0.132788 -0.358078 
===in_channel===
-0.135963 0.0377646 -0.104836 
0.16756 0.134538 0.312686 
-0.137751 -0.689959 -0.169378 
===in_channel===
-0.000578627 0.0239391 -0.0856773 
0.159808 0.397262 -0.0615991 
0.0765459 0.598889 0.474205 
===in_channel===
0.0785236 -0.100469 -0.359888 
0.124217 0.528585 0.660029 
-0.204246 -0.117795 0.347797 
===in_channel===
0.335641 -0.249062 -0.517549 
0.0897861 0.245818 0.177625 
-0.24018 -0.107786 0.0623553 
===in_channel===
0.125929 -0.258184 -0.21796 
-0.217085 0.0472174 0.171408 
-0.0631595 -0.128839 -0.20053 
===in_channel===
-0.24857 -0.276444 -0.1925 
-0.164192 -0.686926 -0.207641 
0.0767582 -0.154617 -0.513102 
===in_channel===
0.135791 0.290026 0.0158402 
0.153315 0.269319 0.73151 
-0.185651 -1.00909 0.367451 
===in_channel===
0.127669 0.386154 0.287741 
-0.00611449 0.0360372 0.298014 
-0.583019 -0.961588 -0.101753 
===in_channel===
0.131114 -0.134318 -0.630953 
-0.0414995 0.168037 0.168806 
-0.497721 0.182012 0.149027 
===in_channel===
-0.236933 -0.318326 0.216506 
0.00495722 -0.0486875 -0.425092 
0.421156 0.394045 0.640991 
===in_channel===
-0.107705 0.0776179 0.202012 
0.294708 0.172623 0.205014 
-0.656469 -0.602092 -0.397192 
===in_channel===
-0.00848742 -0.0572199 0.241054 
-0.105151 0.515996 0.46928 
0.0570666 -1.01262 -0.149247 
===in_channel===
0.0578854 0.389019 -0.0577308 
-0.0513903 0.176193 0.213213 
-0.426987 -0.186823 0.104011 
===in_channel===
===out_channel===
-0.570853 0.692326 0.408306 
-0.471952 0.690917 0.165275 
-0.595565 0.570786 -0.0764433 
===in_channel===
0.301781 -0.527261 -0.363141 
-0.294629 -0.455228 -0.130571 
-0.193246 -0.0540149 -0.189986 
===in_channel===
-0.260267 0.0551781 0.0410908 
-0.468651 -0.0815842 -0.191114 
0.00422104 -0.0347164 -0.0710242 
===in_channel===
-0.413807 0.322971 0.138549 
-0.28532 0.25157 0.232205 
0.278067 0.253262 0.132069 
===in_channel===
0.00728101 0.224721 0.197346 
-0.00913838 0.458129 -0.0226864 
-0.0944795 0.410372 -0.258755 
===in_channel===
-0.142008 -0.0265066 -0.0217941 
-0.318793 0.4143 -0.0219147 
-0.00741562 0.297527 -0.10407 
===in_channel===
-0.29966 0.264255 0.246396 
-0.453682 0.479132 -0.0523491 
0.00955839 0.264375 0.181892 
===in_channel===
-0.241752 -0.0526478 0.033776 
-0.59397 -0.0944188 0.339657 
-0.752177 -0.022833 -0.146822 
===in_channel===
0.00702244 0.0926533 0.244422 
-0.708404 -0.00939481 0.404478 
-0.758511 0.103116 0.113266 
===in_channel===
0.158317 -0.0240733 0.160959 
-0.250772 0.177548 0.287804 
-0.20529 -0.0312688 0.221168 
===in_channel===
-0.00958173 -0.61913 -0.665884 
-0.0942126 -0.683832 -0.706979 
-0.391943 0.129787 -0.0913975 
===in_channel===
0.0914105 0.136012 -0.0539289 
-0.117672 0.043629 -0.457417 
0.300214 0.234542 -0.189925 
===in_channel===
0.375783 -0.074047 -0.199159 
0.289386 0.305032 -0.71273 
0.224712 0.0279159 -0.288931 
===in_channel===
0.145638 0.00842618 -0.387248 
0.250112 -0.0389162 -0.672239 
-0.0692977 -0.0203065 0.0999913 
===in_channel===
-0.0817507 -0.437014 -0.545748 
-0.0897347 -0.877276 -0.753354 
-0.340473 -0.0588246 0.0679934 
===in_channel===
0.168876 -0.41922 -0.652387 
-0.104931 -0.668015 -0.469155 
-0.141834 0.289261 0.0926607 
===in_channel===
0.0320397 0.223466 -0.0408409 
0.231603 0.0186442 -0.0308752 
-0.0223094 -0.0850333 -0.161155 
===in_channel===
0.149993 -0.578534 -0.48737 
-0.420622 -0.572436 -0.383283 
-0.678941 -0.218742 -0.294199 
===in_channel===
-0.0254551 0.196104 -0.0530181 
0.182146 0.0174159 -0.582841 
0.530203 0.0439095 -0.717069 
===in_channel===
0.102326 0.179708 -0.0202249 
-0.174315 0.0913373 -0.15998 
0.0971704 -0.00469833 -0.157104 
===in_channel===
0.0175583 -0.209878 -0.113166 
0.0307852 0.0199564 -0.425921 
-0.055937 -0.1248 0.0302619 
===in_channel===
-0.299357 -0.141504 0.0435931 
-0.682406 0.341079 0.576561 
-0.612455 0.257753 0.221667 
===in_channel===
-0.256033 0.0411562 0.207743 
-0.351495 0.494724 0.27022 
-0.00474685 0.235042 -0.0160309 
===in_channel===
-0.119014 0.086072 0.244257 
-0.604905 0.335711 0.325259 
-0.431629 0.329495 0.0460066 
===in_channel===
-0.0448801 0.036499 0.230356 
-0.333831 -0.00238831 -0.1772 
-0.623455 0.237321 -0.0759066 
===in_channel===
-0.496691 0.0175625 -0.263492 
-0.63865 -0.247026 0.205841 
-0.657235 -0.437017 0.420063 
===in_channel===
-0.254992 0.0899633 -0.366475 
-0.344741 -0.706777 -0.451455 
-0.138796 -0.653589 -0.204425 
===in_channel===
-0.13375 0.0990786 0.089919 
0.256446 0.583122 -0.372923 
0.147486 0.333155 0.138866 
===in_channel===
0.17143 -0.628006 -0.523121 
0.142346 -0.731267 -0.573248 
-0.76076 -0.421233 -0.00476383 
===in_channel===
-0.482441 0.00158017 0.419925 
-0.713641 0.314228 0.401818 
-0.151493 0.265203 0.217758 
===in_channel===
-0.179031 0.00984315 -0.560384 
-0.469659 -0.480169 -0.64782 
-0.151767 -0.774157 -0.106753 
===in_channel===
-0.332541 0.0801325 0.229591 
-0.667243 0.511464 0.0453088 
-0.264679 0.26768 0.301646 
===in_channel===
===out_channel===
0.136439 -0.299004 -0.384916 
0.0492171 -0.144749 -0.0891408 
0.0375778 0.257713 -0.0242394 
===in_channel===
-0.309302 -0.318971 0.348704 
-0.147261 -0.686559 -0.4729 
-0.0618436 -0.478984 -0.195084 
===in_channel===
0.18762 -0.0559658 -0.259774 
0.368656 0.307075 -0.167971 
0.0345285 0.349632 0.172425 
===in_channel===
0.083327 -0.441388 -0.298225 
0.139252 0.211533 -0.325674 
0.174865 0.429187 -0.148518 
===in_channel===
0.083082 -0.400521 -0.305494 
0.460174 -0.423624 -0.150221 
0.611846 0.0542677 -0.480567 
===in_channel===
0.274829 -0.419454 0.0792828 
0.455639 -0.160709 -0.294104 
0.453073 0.0865038 -0.316477 
===in_channel===
0.0755453 -0.485582 -0.554212 
0.674608 0.0971599 -0.244003 
0.361101 0.510108 -0.248468 
===in_channel===
0.0676168 0.0032599 -0.311801 
-0.329554 -0.0340402 0.158187 
-0.109186 0.116782 -0.0405089 
===in_channel===
-0.0115116 -0.0239064 -0.0771387 
-0.0983367 0.235355 0.0454305 
0.109433 0.296194 -0.0301415 
===in_channel===
0.185811 -0.479517 -0.428997 
0.379478 -0.217998 -0.331427 
0.181651 0.20712 -0.41799 
===in_channel===
-0.274892 0.18492 0.411447 
-0.139945 -0.0404707 0.180321 
-0.424741 -0.287801 -0.531348 
===in_channel===
-0.197985 -0.0767437 0.369775 
-0.0128698 -0.0523883 -0.100151 
0.33586 -0.282117 -0.0456007 
===in_channel===
0.110024 -0.253762 0.243742 
-0.210816 -0.263822 0.319142 
-0.0474067 -0.507771 0.0895809 
===in_channel===
-0.590799 0.134137 0.120014 
0.124431 -0.378699 -0.449219 
0.234544 -0.26158 -0.056944 
===in_channel===
-0.0820554 0.10428 0.288381 
-0.392123 -0.782509 -0.297183 
-0.362705 -0.259308 -0.32373 
===in_channel===
-0.284663 0.42372 0.362733 
-0.634553 -0.230314 0.00127093 
0.36965 -0.261144 -0.17858 
===in_channel===
0.0108902 -0.714625 0.0100103 
0.355997 -0.361991 -0.42025 
0.216001 0.0359086 -0.095021 
===in_channel===
-0.356945 0.129969 0.315047 
-0.377791 -0.714898 -0.107129 
-0.0655399 -0.487513 -0.265751 
===in_channel===
-0.488048 -0.557731 0.109492 
-0.210645 -0.0122879 -0.293988 
0.117054 0.0551154 -0.1747 
===in_channel===
0.305233 -0.184692 -0.469046 
0.249477 -0.140777 -0.118521 
0.0235157 0.472189 -0.222047 
===in_channel===
0.0354325 -0.239299 0.0853367 
0.333684 -0.411424 -0.316813 
0.745353 -0.246184 -0.437022 
===in_channel===
0.366563 0.039085 -0.81757 
0.256485 0.41096 -0.368348 
0.363905 0.35184 0.201069 
===in_channel===
-0.128624 -0.120702 -0.327848 
0.525356 -0.216412 -0.177126 
0.348713 0.312373 -0.201775 
===in_channel===
0.154182 0.198109 -0.368864 
0.403622 0.314572 0.00863628 
0.127149 0.375181 0.248313 
===in_channel===
-0.284621 -0.184258 0.115011 
-0.574158 -0.27917 -0.241204 
-0.286178 -0.197784 -0.376387 
===in_channel===
0.595269 0.172119 -0.824443 
0.413229 0.252623 -0.0918138 
-0.148176 0.450475 0.00962083 
===in_channel===
0.236573 0.338978 -0.41282 
0.0567237 0.391782 -0.0914472 
-0.384644 -0.145839 0.144287 
===in_channel===
0.0984137 -0.754585 0.0757066 
0.218699 -0.572549 -0.133658 
0.649137 0.167865 -0.248078 
===in_channel===
-0.375807 0.200618 0.0598402 
-0.698767 -0.676072 -0.0869306 
-0.496608 -0.454898 -0.272943 
===in_channel===
0.193243 0.0640091 -0.273395 
0.284021 0.623739 -0.204521 
-0.451348 0.587 0.42446 
===in_channel===
-0.0527314 0.225744 -0.282307 
-0.353078 -0.0136868 0.121228 
-0.75065 0.304016 -0.00994204 
===in_channel===
0.610451 -0.247734 -0.428796 
0.450007 0.30281 -0.183475 
0.307249 0.240695 0.0437463 
===in_channel===
===out_channel===
-0.18426 0.292765 0.213092 
-0.300384 -0.284411 -0.143932 
-0.106371 0.119581 0.306361 
===in_channel===
0.522249 0.521143 0.225084 
0.018706 -0.289766 -0.42116 
-0.542277 -0.0583153 0.0152844 
===in_channel===
-0.124474 0.238425 0.247754 
0.0510458 0.274888 -0.311623 
-0.224159 -0.03833 -0.479987 
===in_channel===
-0.371149 -0.349695 -0.332213 
-0.312096 0.209125 -0.0660959 
-0.156411 0.0488944 -0.301108 
===in_channel===
0.31601 0.293858 -0.131466 
-0.236301 -0.0496076 0.0645774 
-0.152974 -0.140025 0.142063 
===in_channel===
0.460918 0.504673 0.149277 
-0.568805 -0.410048 0.0623595 
-0.123276 0.0214699 0.0997872 
===in_channel===
-0.123393 0.0275298 0.222896 
-0.406305 -0.0142576 0.201211 
0.0447122 0.252363 0.246718 
===in_channel===
0.275973 0.111134 0.236463 
0.106831 -0.226864 -0.356833 
-0.0849942 0.0357438 0.381542 
===in_channel===
0.0700106 0.306441 0.134043 
-0.0754056 -0.373495 -0.178739 
0.134174 0.147926 0.224471 
===in_channel===
0.193772 0.197668 -0.00901841 
-0.333081 -0.366474 -0.060739 
-0.255172 -0.0750804 -0.125038 
===in_channel===
0.964167 0.284806 0.644534 
0.40955 -0.0751772 -0.131998 
-0.253148 -0.0626463 0.263345 
===in_channel===
0.177234 -0.323138 -0.260068 
0.0470421 -0.00506759 -0.211655 
0.0685943 -0.20292 -0.358287 
===in_channel===
-0.594883 -0.237579 -0.828302 
0.00356357 -0.201826 0.021259 
0.309736 0.159841 -0.157858 
===in_channel===
0.653043 0.307009 0.00361843 
-0.434303 -0.277706 -0.0976628 
-0.0100933 0.0967581 -0.225241 
===in_channel===
0.874826 0.692087 0.302175 
-0.118867 0.00911555 -0.00819009 
-0.30385 -0.126483 0.340967 
===in_channel===
1.02144 0.321896 0.200957 
0.110706 -0.0168329 0.405593 
-0.376194 0.056486 0.148741 
===in_channel===
-0.0626209 0.025592 -0.274063 
-0.326187 -0.12272 0.0657505 
0.212578 -0.193734 -0.312196 
===in_channel===
0.756835 0.820675 0.291541 
0.25774 0.140516 -0.0434702 
-0.52899 -0.107233 0.358476 
===in_channel===
-0.223662 -0.0289102 -0.346589 
0.00842587 -0.218573 0.0837994 
0.399132 0.112478 -0.18177 
===in_channel===
-0.234423 0.185213 -0.131553 
-0.091827 0.0392231 0.0362228 
-0.0741104 0.140614 0.0928636 
===in_channel===
0.443574 0.642893 0.230573 
-0.331879 -0.470797 -0.276496 
-0.0955496 -0.0447433 -0.175766 
===in_channel===
-0.19041 -0.0392525 0.311427 
-0.119212 -0.452392 -0.29081 
-0.208806 -0.300545 -0.264589 
===in_channel===
-0.000881272 0.349542 0.0265853 
-0.197546 -0.381567 0.160334 
0.205917 0.117922 0.230953 
===in_channel===
0.124632 0.25652 0.172742 
-0.273203 -0.345924 -0.354303 
0.274278 -0.0528584 0.100775 
===in_channel===
0.0458637 0.0154245 0.216547 
-0.362029 0.0751664 0.0374095 
-0.00318828 -0.0223077 0.0602219 
===in_channel===
-0.471149 0.126326 0.317968 
0.338442 0.152966 0.167155 
0.0979388 -0.243954 -0.43371 
===in_channel===
-0.0488801 -0.107378 -0.170434 
0.459073 0.0542361 -0.0191588 
-0.00445813 -0.0994364 -0.133057 
===in_channel===
0.432938 -0.0964225 -0.483478 
-0.0833754 -0.318078 -0.00274752 
0.147408 -0.170839 -0.146876 
===in_channel===
0.780096 0.498239 0.739734 
-0.0710687 0.369735 0.207155 
-0.426958 -0.174197 0.196242 
===in_channel===
-0.336732 -0.34254 -0.167135 
0.312585 0.123667 -0.401717 
0.165239 0.0232709 -0.32872 
===in_channel===
-0.527051 0.151583 -0.212676 
0.642678 0.141571 0.209361 
0.0440366 -0.0281067 -0.214726 
===in_channel===
-0.156726 0.0872393 0.180413 
-0.0149617 -0.326989 -0.213174 
-0.337239 -0.168329 -0.336681 
===in_channel===
===out_channel===
-0.128627 -0.111847 -0.181487 
-0.491735 0.179948 0.213599 
0.292246 0.0513348 -0.0966231 
===in_channel===
0.0424753 -0.162709 0.0543925 
0.167165 -0.0440726 0.182573 
-0.391819 -0.130152 -0.423858 
===in_channel===
0.0668356 0.0753236 -0.154799 
-0.178382 -0.399843 0.0408407 
0.0482947 -0.0854207 0.0936569 
===in_channel===
0.134522 0.163913 -0.266364 
0.0164784 0.0955985 0.122755 
0.157447 -0.196805 0.223155 
===in_channel===
0.234495 -0.415687 -0.353141 
-0.131935 0.367276 -0.196197 
-0.0497531 0.204768 -0.1757 
===in_channel===
-0.0214451 -0.291685 -0.349752 
-0.137454 0.303915 0.0101537 
0.0514042 -0.0836704 -0.178463 
===in_channel===
0.175681 0.157553 -0.00261355 
0.099135 0.244424 0.0263188 
0.215866 0.184367 0.209523 
===in_channel===
-0.0234987 -0.500425 -0.296733 
-0.0950962 0.232699 0.319769 
0.141564 0.135602 0.0573693 
===in_channel===
-0.19366 0.0892488 -0.167706 
-0.564058 -0.279287 0.248 
-0.0761521 0.0978005 0.0688439 
===in_channel===
0.287661 -0.21799 -0.371667 
-0.236699 0.39421 -0.021097 
-0.270006 -0.0729989 -0.229068 
===in_channel===
0.112227 0.319616 0.301491 
0.0879395 -0.0842691 -0.0110083 
-0.206117 0.230817 -0.236607 
===in_channel===
-0.339042 -0.0876502 0.436346 
0.114374 -0.101005 -0.309362 
-0.212237 0.191504 -0.272299 
===in_channel===
-0.14076 -0.127283 0.359188 
0.266703 -0.140986 -0.30859 
0.100708 0.492721 -0.162835 
===in_channel===
0.182337 -0.123684 0.0556614 
0.207073 0.279771 -0.166788 
-0.553019 -0.0979029 -0.121001 
===in_channel===
-0.110831 -0.321522 -0.204238 
0.179383 -0.0290965 -0.180952 
-0.300885 0.193519 -0.283791 
===in_channel===
0.014132 0.35096 0.157018 
0.668866 -0.123497 -0.230874 
-0.474123 -0.174651 -0.0704569 
===in_channel===
-0.189759 -0.367211 0.0119461 
0.109157 0.0661026 -0.344715 
-0.0790424 0.00363082 -0.00123706 
===in_channel===
0.0229192 -0.431605 0.0261219 
0.0107221 0.236416 -0.169374 
-0.0341103 -0.0278299 -0.239765 
===in_channel===
0.133311 -0.120686 0.322201 
0.318696 0.15232 0.0880599 
-0.112082 -0.0162175 0.0488849 
===in_channel===
0.068496 -0.0977097 0.0630997 
-0.251718 0.340744 -0.0607961 
-0.0917092 -0.0144582 -0.15277 
===in_channel===
0.398545 -0.463419 0.184657 
0.11889 0.527791 -0.0128016 
-0.414298 0.309483 -0.0554351 
===in_channel===
-0.070974 0.192137 -0.403048 
-0.0881436 0.319948 0.542985 
0.0204945 0.105302 -0.116641 
===in_channel===
0.12544 -0.12166 -0.00815603 
0.117356 0.369447 -0.0215096 
0.0661091 0.0799263 0.0194804 
===in_channel===
-0.0498965 0.374355 -0.214398 
-0.249642 0.180174 -0.0153529 
0.259923 -0.272902 -0.0572922 
===in_channel===
-0.512124 -0.587715 -0.181036 
-0.188175 -0.0169152 0.414424 
0.151482 -0.0463826 -0.0436031 
===in_channel===
-0.218402 0.487539 -0.502574 
-0.0741198 0.0607546 0.338104 
-0.0416122 -0.313915 0.252834 
===in_channel===
-0.224266 0.490567 -0.157638 
-0.227899 0.0565242 -0.0348034 
-0.139062 0.148843 -0.0133229 
===in_channel===
0.356787 -0.445966 0.188538 
-0.138191 0.0897005 -0.0368256 
-0.204709 0.0896504 0.156526 
===in_channel===
-0.175276 -0.644717 -0.308915 
-0.0490018 0.0626516 0.0662507 
-0.276271 0.334562 -0.400104 
===in_channel===
-0.0633332 0.102089 0.100858 
-0.232234 -0.258406 0.428363 
0.221967 -0.378102 -0.129373 
===in_channel===
-0.161955 0.16145 -0.178818 
0.120268 0.088442 0.115806 
-0.335786 -0.143175 -0.27096 
===in_channel===
-0.0640477 0.426113 -0.415004 
-0.516744 0.0132444 0.297383 
0.171523 0.0250687 0.0307551 
===in_channel===
===out_channel===
-0.0024097 -0.0552397 0.66357 
0.456499 0.276426 0.174713 
0.217028 0.27628 -0.21638 
===in_channel===
-0.267179 -0.396862 -0.0416273 
0.122354 0.0940671 -0.185602 
-0.337513 0.014573 -0.262306 
===in_channel===
0.0836106 0.080488 0.245632 
0.0219387 0.0538022 0.000235694 
0.167258 -0.308111 -0.189438 
===in_channel===
0.331386 0.110813 -0.375803 
0.261057 0.0842663 -0.243319 
0.156963 -0.169815 -0.319863 
===in_channel===
0.263785 0.135608 -0.00446707 
0.219157 0.164492 -0.484698 
0.203422 -0.279959 -0.555039 
===in_channel===
0.201964 0.387803 -0.0881149 
0.315797 0.180215 -0.233493 
0.428487 0.0487253 -0.614361 
===in_channel===
0.0824282 -0.0353075 0.0639044 
0.0233762 -0.0119503 -0.230996 
0.464783 -0.358923 -0.262985 
===in_channel===
-0.152301 -0.232054 0.188274 
0.445349 0.562336 0.11331 
0.23037 0.660342 -0.0476415 
===in_channel===
-0.0412662 0.267064 0.566917 
0.178353 0.225528 0.402784 
0.222753 0.319674 -0.404854 
===in_channel===
0.0544904 -0.104956 0.0942232 
-0.0169449 0.0126367 -0.307513 
-0.0168252 0.279908 -0.397351 
===in_channel===
-0.23463 -0.218841 -0.307858 
-0.325399 0.120238 -0.418657 
-0.341149 -0.0394956 -0.200033 
===in_channel===
0.251809 0.0863135 -0.37065 
0.126548 0.364297 -0.508685 
0.205829 -0.352079 -0.359375 
===in_channel===
-0.0210814 0.139 0.0190052 
0.273754 0.0940882 -0.0226116 
0.349362 -0.284165 -0.00535052 
===in_channel===
0.0338513 -0.0268674 -0.334817 
0.0632687 -0.158777 -0.150055 
-0.572777 -0.365031 0.188599 
===in_channel===
-0.173583 -0.479262 -0.113756 
-0.383519 0.381343 -0.175433 
-0.451406 -0.340912 -0.0626585 
===in_channel===
-0.469476 -0.0855326 0.169748 
-0.183416 0.248162 -0.558065 
-0.31169 -0.366308 -0.335841 
===in_channel===
0.142309 0.320177 -0.667286 
0.19453 0.133061 -0.409569 
0.335064 -0.691187 -0.352178 
===in_channel===
-0.127886 -0.203935 0.201289 
0.0834749 -0.000173657 -0.26763 
-0.295939 0.304414 -0.235207 
===in_channel===
0.344747 0.209144 -0.271365 
0.0924873 0.379086 -0.422735 
0.0815233 -0.298082 -0.205052 
===in_channel===
0.185577 0.106863 -0.442573 
0.224583 -0.284967 -0.537215 
0.3813 -0.623797 -0.352282 
===in_channel===
0.0101392 -0.0839149 -0.295237 
0.0215297 0.195925 -0.354208 
-0.228283 -0.0263733 -0.163422 
===in_channel===
0.027697 0.0736413 0.275498 
0.223104 0.169221 0.562688 
0.0808934 0.122815 -0.261884 
===in_channel===
-0.0851464 -0.11091 -0.0354605 
0.479103 0.200622 -0.174021 
0.279764 0.0843267 -0.641762 
===in_channel===
-0.347957 0.127128 0.302119 
0.359291 0.290837 0.297065 
0.0709135 0.476677 -0.333136 
===in_channel===
-0.157822 -0.0541937 0.0407103 
0.0540963 0.434108 0.232645 
0.544748 0.298443 -0.206394 
===in_channel===
0.0608704 -0.149194 -0.0909587 
-0.290144 0.112537 0.301566 
-0.193521 -0.173668 -0.0569662 
===in_channel===
0.186445 -0.410216 -0.24164 
0.0760152 -0.429231 -0.332247 
-0.19548 -0.29417 -0.358646 
===in_channel===
0.235013 0.181168 -0.279824 
0.026745 0.135545 -0.66188 
0.0730506 -0.661408 -0.106371 
===in_channel===
-0.0202071 -0.143419 0.213476 
-0.306128 0.42929 0.0106054 
-0.311441 -0.107509 -0.325459 
===in_channel===
0.22546 0.276817 0.561242 
-0.291302 0.561614 0.0218021 
-0.460921 0.566351 -0.436323 
===in_channel===
-0.0658024 -0.23603 -0.600606 
-0.144199 -0.233054 -0.40582 
-0.167837 -0.460226 -0.370639 
===in_channel===
-0.0170695 0.40809 0.149417 
0.325308 0.0610666 -0.161402 
0.0122365 -0.0451652 -0.21749 
===in_channel===
===out_channel===
-0.322106 0.0927875 -0.00725976 
-0.423507 -0.0785041 -0.183452 
-0.08867 -0.210992 -0.330185 
===in_channel===
-0.364524 0.0691056 0.217545 
0.163725 0.265733 -0.0542861 
0.170771 0.0760055 0.209324 
===in_channel===
0.0973532 0.34798 -0.213391 
0.0412896 -0.215833 -0.227617 
-0.0751434 -0.00401498 0.211013 
===in_channel===
0.201842 -0.277371 -0.177783 
0.0330827 0.293264 0.0286894 
-0.0945407 0.0633245 0.11327 
===in_channel===
-0.4795 0.00371001 -0.129601 
0.013967 0.0269778 0.170062 
0.305994 0.344545 -0.0474196 
===in_channel===
-0.399538 -0.252234 -0.258079 
0.356658 0.275304 -0.0487489 
0.0415895 0.188834 0.279187 
===in_channel===
-0.281988 -0.170526 -0.0724353 
0.228226 0.41311 -0.105661 
0.0397185 -0.0756943 0.163809 
===in_channel===
-0.476802 0.114395 -0.372912 
0.156359 -0.057778 0.157096 
0.0151257 0.261065 -0.0915566 
===in_channel===
-0.474802 0.0460356 -0.136158 
0.0617861 0.0538505 -0.101327 
-0.209254 -0.0365963 -0.283744 
===in_channel===
-0.428251 -0.15364 -0.146573 
-0.0497109 -0.192389 -0.136148 
-0.0491192 -0.0853494 0.07398 
===in_channel===
0.153895 0.519823 0.0931066 
0.271408 0.412757 0.112921 
0.0648662 0.134257 0.124327 
===in_channel===
0.308153 -0.0228161 0.267467 
-0.209901 0.160227 -0.286627 
-0.0704455 -0.0874536 0.182155 
===in_channel===
0.308893 0.21322 -0.180253 
0.174846 -0.193563 0.320038 
-0.211401 -0.397155 -0.435924 
===in_channel===
0.114019 0.389929 0.220876 
0.159902 -0.13287 0.219653 
0.0630478 0.0983011 -0.129869 
===in_channel===
-0.0197153 0.170273 0.123373 
-0.232344 0.217889 0.301496 
-0.172843 -0.0274457 -0.212127 
===in_channel===
0.141233 0.500151 -0.226809 
0.0778777 -0.130131 -0.121769 
0.0650716 -0.205571 -0.249378 
===in_channel===
-0.305206 0.0245296 -0.335978 
0.251569 0.270948 0.283877 
-0.0967535 0.0368933 -0.253232 
===in_channel===
-0.104613 0.398788 0.181054 
-0.058027 0.193442 0.107478 
-0.316283 -0.0658076 0.0701579 
===in_channel===
0.135656 0.0349124 -0.0286858 
0.147683 0.12249 0.342884 
0.0507629 -0.155073 0.119357 
===in_channel===
0.233776 -0.326932 -0.254347 
0.17353 0.347545 0.14825 
0.21345 0.130173 0.162936 
===in_channel===
-0.187231 -0.204708 -0.139117 
0.234337 0.292027 -0.00230671 
0.0401068 0.233833 0.350032 
===in_channel===
0.0486367 0.0164903 -0.331667 
0.0489569 0.379047 0.208114 
0.166241 0.195219 -0.208415 
===in_channel===
-0.187455 -0.269661 -0.251974 
0.241957 0.290177 -0.0762963 
0.218662 0.337342 0.251021 
===in_channel===
-0.163813 -0.11236 -0.506373 
0.0133978 0.208131 -0.178525 
-0.199351 -0.165215 -0.207681 
===in_channel===
-0.192907 0.316166 -0.075664 
-0.0212389 -0.449888 -0.150081 
-0.216409 -0.285296 0.0122721 
===in_channel===
0.237642 -0.129653 0.0307997 
-0.292813 0.430541 0.398684 
0.0028042 0.102447 -0.1441 
===in_channel===
0.153643 -0.0805595 0.104922 
-0.246636 0.00861037 0.500492 
-0.188903 0.178274 0.00225385 
===in_channel===
-0.247323 -0.378065 -0.22095 
0.278837 -0.149992 -0.193324 
-0.214288 -0.00311957 0.00841313 
===in_channel===
-0.157403 0.250915 0.190509 
0.0909722 0.102471 0.0122733 
-0.234619 -0.182356 0.124326 
===in_channel===
0.0544711 0.0267279 -0.1499 
-0.425577 0.054938 0.261821 
-0.225972 -0.235187 -0.0953881 
===in_channel===
0.254316 -0.0566823 0.145657 
-0.113525 0.0877333 0.533406 
-0.0351785 -0.283646 -0.195602 
===in_channel===
-0.205334 0.0866122 -0.410156 
-0.173196 -0.0277244 -0.200166 
-0.106647 0.139209 -0.0278457 
===in_channel===
===out_channel===
-0.296944 -0.235369 0.469029 
0.0244305 -0.700873 0.480622 
-0.125633 -0.555503 -0.0733703 
===in_channel===
0.291851 0.0314737 -0.25785 
-0.311973 0.148649 0.280456 
-0.285657 0.0952639 0.102324 
===in_channel===
-0.255026 -0.284873 0.336393 
-0.272388 -0.792453 0.252302 
-0.0829554 -0.221631 0.269053 
===in_channel===
-0.274191 0.201344 0.344315 
-0.300169 -0.321828 -0.000181453 
0.0508468 -0.263132 0.0141705 
===in_channel===
0.0155286 0.0208222 0.122072 
-0.614482 0.0279467 0.503371 
-0.492638 -0.088511 0.226849 
===in_channel===
-0.183001 0.0208149 0.0792587 
-0.526556 0.139235 0.512321 
-0.466503 -0.155057 -0.193668 
===in_channel===
-0.388427 0.260153 0.0811332 
-0.527408 0.227866 0.430415 
-0.233764 -0.540502 0.0535336 
===in_channel===
0.145688 -0.167772 -0.0440148 
-0.120109 -0.613476 0.0187248 
-0.145039 -0.679185 -0.114379 
===in_channel===
-0.0977331 -0.164705 0.267929 
-0.122571 -0.669768 0.169592 
-0.146816 -0.369477 0.105225 
===in_channel===
-0.145573 0.186579 -0.114038 
-0.457545 -0.106339 0.52427 
-0.158052 0.00728303 0.292417 
===in_channel===
0.264685 -0.270337 -0.216328 
-0.0768509 -0.0851581 -0.091688 
-0.556419 0.0657863 0.396328 
===in_channel===
-0.157904 -0.204099 0.0774714 
-0.337568 0.178956 0.169446 
-0.427838 -0.119052 -0.213164 
===in_channel===
-0.0399316 -0.185753 0.177144 
-0.798611 0.208054 -0.295678 
-0.352922 0.0198762 -0.33711 
===in_channel===
0.039724 0.0495966 0.124865 
-0.476147 0.365245 0.582947 
-0.239204 0.390757 0.43212 
===in_channel===
0.245553 -0.0550733 -0.487522 
-0.0454965 0.0578886 0.104229 
-0.317468 0.188535 0.372374 
===in_channel===
0.256211 0.158576 -0.159063 
0.0637431 0.270642 0.420975 
-0.387786 0.310965 0.404821 
===in_channel===
-0.221976 0.0468728 0.146457 
-0.681478 0.403352 -0.0163399 
-0.131048 0.00992487 0.21687 
===in_channel===
0.243344 -0.270735 -0.31156 
-0.0491084 0.0550423 -0.161564 
-0.56075 -0.148929 -0.133721 
===in_channel===
0.0175646 0.0320509 0.270315 
-0.632036 0.430343 -0.258234 
-0.2221 0.0392656 -0.217933 
===in_channel===
-0.438076 0.162962 0.38666 
-0.463976 -0.112296 -0.105436 
-0.237676 -0.114779 0.149947 
===in_channel===
0.196874 0.345745 0.174996 
-0.491463 0.412404 0.384231 
-0.309596 -0.221536 0.0106248 
===in_channel===
-0.0968515 0.0469976 0.489505 
-0.294195 -0.279827 0.759554 
0.144806 -0.215654 0.187155 
===in_channel===
-0.266148 0.337049 0.305118 
-0.254536 -0.016123 0.402939 
-0.433114 -0.387455 -0.128817 
===in_channel===
-0.0618803 -0.464781 0.552553 
-0.0278095 -0.245824 0.214943 
0.0825138 -0.598569 -0.101091 
===in_channel===
-0.0880793 -0.726917 -0.247351 
-0.33899 -0.602008 -0.431375 
-0.221445 -0.889672 -0.321342 
===in_channel===
-0.055949 -0.219811 0.203488 
-0.167442 -0.558335 0.56192 
0.0724416 -0.342276 0.512455 
===in_channel===
-0.0491541 -0.171155 -0.12993 
-0.392381 -0.603385 -0.593942 
-0.0451503 -0.161627 -0.178098 
===in_channel===
-0.0139308 0.369516 0.370648 
-0.523267 0.679128 0.491429 
-0.328783 0.251594 -0.118092 
===in_channel===
0.438023 -0.126425 -0.417102 
-0.236096 -0.152779 -0.330146 
-0.322525 -0.0195278 -0.0325748 
===in_channel===
-0.124231 -0.266315 0.418912 
0.506266 0.0860456 0.453922 
0.426251 0.0935167 0.432146 
===in_channel===
-0.228215 -0.385547 0.0332291 
-0.458663 -0.774587 -0.426993 
-0.143835 -0.233395 -0.374596 
===in_channel===
-0.175156 0.0231375 0.273049 
-0.300395 -0.534197 0.326718 
0.22928 -0.0265653 0.313599 
===in_channel===
===out_channel===
-0.0412734 -0.0470466 0.241749 
0.545403 -0.0713776 0.306022 
-0.38372 -0.0222563 -0.448777 
===in_channel===
-0.307766 0.459193 0.127458 
0.513669 0.377577 -0.130166 
-0.194488 -0.0270494 -0.198755 
===in_channel===
0.358013 0.261171 -0.0976538 
0.068404 0.0155628 0.0587589 
0.37923 -0.116587 -0.239083 
===in_channel===
0.11988 0.355201 0.0165283 
-0.259918 -0.496011 -0.152268 
-0.00608436 0.233033 -0.482257 
===in_channel===
0.257346 0.355235 0.373612 
0.0993328 0.128247 0.169997 
-0.43506 -0.153651 -0.442546 
===in_channel===
0.0935529 0.373252 0.412458 
0.127629 0.0831502 -0.284608 
-0.452331 -0.409687 -0.339878 
===in_channel===
0.282426 0.114254 -0.0237724 
-0.235808 -0.0836103 -0.311818 
0.056934 -0.0917541 -0.201737 
===in_channel===
-0.403341 0.0139984 0.121477 
0.516159 0.126147 0.234274 
-0.266423 0.210642 -0.142341 
===in_channel===
0.0137339 0.249831 0.345843 
0.395864 -0.250935 0.0907571 
0.105684 0.113879 -0.370381 
===in_channel===
-0.0684617 0.00400722 0.0318101 
0.109984 -0.155439 0.110154 
-0.18476 -0.14489 -0.293968 
===in_channel===
-0.0785596 0.481471 0.107501 
-0.0323212 0.213555 -0.249145 
0.290009 0.204292 -0.428432 
===in_channel===
0.23076 0.153835 0.200778 
-0.430531 -0.285788 -0.319269 
-0.0266748 0.0955053 -0.307735 
===in_channel===
-0.00792009 0.0798363 -0.363225 
-0.197044 -0.37702 -0.465392 
0.0610311 -0.20674 -0.00352426 
===in_channel===
-0.337785 0.0875869 0.0703236 
-0.0270152 0.451673 -0.277592 
-0.04777 -0.226602 -0.492698 
===in_channel===
-0.452233 0.473162 0.166753 
0.527711 0.489003 -0.200515 
-0.0157748 0.512782 -0.265265 
===in_channel===
-0.379381 0.05265 0.262083 
0.187837 -0.12817 -0.536917 
0.552191 0.270393 -0.221542 
===in_channel===
0.198626 0.401468 0.263094 
-0.257592 0.16962 -0.51505 
0.195025 -0.48645 -0.0899044 
===in_channel===
-0.18064 0.444087 0.266399 
0.480177 0.0934317 0.127538 
-0.0791685 0.250597 -0.586346 
===in_channel===
0.206706 0.0671219 0.223311 
-0.521725 -0.239043 -0.607708 
-0.0547051 -0.269471 -0.0364351 
===in_channel===
0.512684 -0.0910624 -0.0429921 
-0.2942 -0.291118 -0.199095 
0.215792 0.0656556 -0.353287 
===in_channel===
-0.288949 0.139383 0.234593 
0.266385 0.194225 -0.0814997 
-0.275522 -0.166339 -0.369069 
===in_channel===
0.143759 0.0243707 0.122291 
-0.0542419 -0.542321 0.147529 
-0.206252 -0.185918 -0.388905 
===in_channel===
0.0669382 -0.117828 0.395946 
0.341169 -0.0516 0.184625 
-0.459348 -0.0871654 -0.357843 
===in_channel===
-0.229703 0.0901799 0.10529 
0.296798 -0.173865 0.0814449 
0.0721618 0.241508 -0.31735 
===in_channel===
-0.214499 0.341345 0.350687 
0.457262 -0.224734 0.242619 
-0.0775599 -0.439161 -0.0419723 
===in_channel===
0.321061 0.0702126 -0.161975 
-0.567306 -0.568388 -0.335702 
0.518944 0.119018 -0.280747 
===in_channel===
0.234662 0.15416 0.0109032 
-0.618348 0.114968 -0.482905 
0.686391 0.102863 -0.306719 
===in_channel===
-0.204318 0.201051 -0.146837 
-0.188983 0.0273769 -0.172926 
-0.293132 -0.287615 -0.314766 
===in_channel===
-0.27877 0.198424 -0.0230949 
0.158261 0.280093 0.108502 
0.172706 -0.0609915 -0.0164427 
===in_channel===
0.0725001 -0.00408519 0.422741 
-0.165677 -0.596469 -0.101478 
0.33514 0.238415 -0.338358 
===in_channel===
0.286208 0.303309 0.11042 
-0.42153 -0.356214 -0.629945 
0.211524 0.485577 -0.336844 
===in_channel===
0.31413 0.103929 0.19869 
0.303754 -0.303745 0.0220461 
0.00238033 0.183303 -0.193611 
===in_channel===
===out_channel===
-0.172094 -0.0957482 -0.401482 
0.119407 -0.377447 -0.0775424 
0.0452658 -0.666924 0.0263167 
===in_channel===
-0.222997 -0.218251 0.0323623 
0.0297301 -0.362696 -0.351697 
0.0542985 0.287724 -0.266816 
===in_channel===
0.0414096 0.0338296 0.0808471 
0.000362451 0.0739934 0.063468 
-0.192662 -0.225239 0.0524409 
===in_channel===
-0.00304213 0.0358577 -0.349247 
0.00189737 0.335843 -0.28098 
-0.194441 0.333733 0.338104 
===in_channel===
0.104016 0.034274 -0.123259 
0.0456171 -0.0758451 -0.0505103 
0.0841748 0.510274 -0.223427 
===in_channel===
0.114168 -0.254393 -0.108314 
0.0342217 0.013845 -0.483196 
0.298012 0.441906 -0.163585 
===in_channel===
-0.0126269 -0.222558 0.118277 
0.346201 0.417377 -0.160748 
-0.234228 0.40463 0.0273756 
===in_channel===
-0.387304 0.0139608 0.0901529 
-0.210004 -0.526548 0.0504935 
-0.034022 -0.63352 -0.0344087 
===in_channel===
-0.448219 -0.102882 -0.192172 
-0.184334 0.242185 0.236342 
-0.199363 -0.454724 0.161343 
===in_channel===
0.109424 -0.0222809 -0.11149 
0.357002 -0.108673 -0.344775 
-0.195785 0.292619 0.244609 
===in_channel===
-0.332823 -0.24306 -0.228496 
0.26436 -0.167248 0.0705506 
0.296841 -0.288849 -0.59412 
===in_channel===
0.0730649 0.330238 -0.0806222 
-0.070153 -0.163 -0.424944 
-0.0103139 0.162045 -0.426327 
===in_channel===
0.249676 -0.0280589 -0.358309 
0.0880652 -0.538519 -0.583791 
-0.30262 -0.397421 -0.624954 
===in_channel===
-0.101478 -0.28618 0.0249627 
0.505583 0.0188021 -0.433689 
0.0381596 0.739514 -0.135807 
===in_channel===
-0.631166 -0.277531 0.0567911 
0.0467325 -0.750946 -0.203673 
0.320784 -0.165811 -0.530269 
===in_channel===
-0.132867 0.107568 -0.307789 
0.359113 -0.309805 -0.121378 
0.47746 0.00879141 -0.204278 
===in_channel===
0.255581 0.182991 -0.197279 
0.360943 0.0460023 -0.344856 
-0.00757565 0.454517 0.14019 
===in_channel===
-0.5472 -0.064333 -0.149187 
-0.0828422 -0.93691 -0.0401465 
-0.135546 -0.240144 -0.741295 
===in_channel===
0.177848 0.217976 -0.230788 
0.24242 0.0458492 -0.343055 
-0.0830342 0.208369 -0.40059 
===in_channel===
-0.0605577 -0.0407917 -0.0764421 
0.263868 0.0275814 -0.0368654 
-0.162961 0.118153 0.302377 
===in_channel===
-0.160752 0.00706676 0.103113 
0.0728822 0.22505 -0.265551 
0.321509 0.616722 -0.110567 
===in_channel===
0.0255876 -0.25382 -0.21421 
0.250165 0.460534 -0.0378002 
0.0595667 -0.211336 0.331023 
===in_channel===
0.11501 -0.0587067 -0.0342106 
0.271027 0.365192 -0.0641774 
0.143896 0.290702 0.274849 
===in_channel===
-0.00182794 0.0620891 0.0684015 
0.141391 -0.219997 0.102548 
-0.203428 -0.29423 0.610433 
===in_channel===
-0.569499 -0.0600789 -0.304517 
-0.243846 -0.757329 -0.608815 
-0.438941 -0.674498 -0.369757 
===in_channel===
-0.0729097 -0.161614 0.0486925 
-0.0612919 0.285437 0.217344 
-0.473733 -0.145985 0.302136 
===in_channel===
0.266895 0.0454319 -0.128608 
-0.446406 -0.160237 -0.109938 
-0.495742 -0.509739 0.174715 
===in_channel===
0.218299 0.0471298 -0.523504 
0.103716 0.0443554 -0.922811 
0.240938 0.364224 -0.516025 
===in_channel===
-0.470657 -0.349561 0.136841 
-0.563357 -0.430938 -0.370704 
-0.0137871 -0.361433 -0.415545 
===in_channel===
-0.163952 0.0992729 0.289637 
-0.102637 -0.120844 0.232692 
-0.247743 -0.283459 0.424657 
===in_channel===
0.221917 0.111971 -0.328311 
-0.236354 -0.0160284 -0.147436 
-0.278872 -0.244048 0.227669 
===in_channel===
0.0429301 -0.00270435 -0.259744 
0.0402425 0.19577 0.269719 
-0.173094 -0.137295 0.354617 
===in_channel===
===out_channel===
-0.21742 -0.262833 -0.377381 
-0.173926 0.160716 -0.224649 
0.476025 0.778334 0.323736 
===in_channel===
-0.135372 -0.595824 -0.440976 
-0.075566 -0.250664 -0.33169 
0.0694272 -0.200385 -0.4951 
===in_channel===
0.153597 0.113392 -0.266716 
-0.35241 0.23059 -0.0141657 
-0.18037 0.22159 -0.00988293 
===in_channel===
-0.0730532 0.165258 -0.354641 
0.140949 0.266803 -0.197134 
0.303376 0.125895 -0.337431 
===in_channel===
-0.113653 -0.236517 -0.605999 
0.41597 0.00650469 -0.603851 
0.210877 0.492652 -0.375835 
===in_channel===
-0.0353253 -0.17489 -0.765262 
0.242544 0.424804 -0.744824 
0.0259257 0.246714 -0.205106 
===in_channel===
0.343028 -0.0898013 -0.476817 
-0.0828083 0.405451 -0.366714 
-0.12119 0.389469 -0.285596 
===in_channel===
-0.151431 -0.0496862 -0.227112 
-0.304465 0.156228 -0.171575 
-0.130703 0.0928727 0.0529589 
===in_channel===
-0.0440625 0.165802 0.164087 
-0.46103 0.721174 -0.00695528 
0.123884 0.529561 -0.0508385 
===in_channel===
0.0899221 0.138479 -0.300504 
0.302682 0.395411 -0.519919 
-0.201421 0.125032 -0.144834 
===in_channel===
-0.0313731 -0.184018 -0.0472027 
0.0203296 -0.560985 -0.21127 
0.122773 -0.26589 -0.138817 
===in_channel===
-0.266776 -0.126855 -0.318368 
0.0456485 -0.253121 -0.053042 
0.521833 0.28004 -0.458286 
===in_channel===
0.288869 -0.294363 -0.276765 
0.539808 -0.0693108 0.00103854 
0.933705 0.0627608 0.0295902 
===in_channel===
0.46171 -0.0425461 0.0131863 
0.950975 -0.202355 -0.412046 
0.364586 -0.217182 -0.288642 
===in_channel===
-0.313933 -0.739786 0.0378839 
-0.338565 -0.357835 -0.491406 
-0.352403 -0.402526 -0.423167 
===in_channel===
-0.00814416 -0.385972 0.0808253 
0.669523 -0.341312 -0.00914193 
0.402939 -0.52309 -0.507214 
===in_channel===
-0.0611777 -0.130061 -0.886863 
0.625005 0.0737535 -0.696098 
0.0603751 0.0874271 -0.291047 
===in_channel===
-0.133769 -0.56616 -0.501406 
-0.0976766 -0.462699 -0.543545 
-0.0103131 -0.101189 -0.310607 
===in_channel===
-0.425215 -0.0923376 -0.232283 
0.482236 -0.196295 -0.416303 
0.617316 -0.121476 -0.238532 
===in_channel===
0.281641 0.316886 -0.331331 
0.0211733 0.512227 -0.147721 
0.225524 -0.0886929 -0.0214021 
===in_channel===
0.439331 -0.210737 -0.416762 
0.589145 -0.0557483 -0.691654 
-0.118929 -0.0866496 -0.280275 
===in_channel===
0.586584 0.326816 -0.0107871 
-0.0451031 0.799938 -0.0615888 
0.0532509 0.435603 0.274902 
===in_channel===
0.168458 -0.205659 -0.532731 
0.163134 0.51013 -0.400385 
-0.0565565 0.226927 -0.304273 
===in_channel===
0.158584 0.152093 0.0695457 
-0.186799 0.711659 0.153236 
-0.226575 0.13902 0.393695 
===in_channel===
-0.287681 -0.138698 -0.232328 
-0.57858 0.190038 -0.211417 
-0.143781 0.643191 0.0762518 
===in_channel===
0.298911 0.328838 -0.27179 
-0.197913 0.794391 0.225106 
-0.33882 0.0701026 0.29497 
===in_channel===
0.116884 -0.107361 -0.558771 
-0.276877 -0.0345683 -0.289473 
-0.316737 -0.605883 0.217172 
===in_channel===
0.0945578 0.210567 -0.491624 
0.714634 -0.0308372 -0.311621 
0.168447 0.4053 -0.291542 
===in_channel===
-0.303476 -0.397939 -0.0908692 
-0.478869 -0.552216 -0.732106 
-0.459551 0.0136623 -0.518685 
===in_channel===
0.229051 0.84059 0.103823 
0.265555 0.972701 0.496637 
-0.168059 0.212306 0.347131 
===in_channel===
-0.0758003 0.224724 -0.509516 
-0.250419 0.122173 -0.0443512 
-0.6758 -0.475894 -0.0403169 
===in_channel===
0.362572 0.388284 -0.368746 
0.0918448 0.807585 -0.192435 
0.0354645 0.34492 0.0261154 
===in_channel===
===out_channel===
-0.367879 -0.453491 -0.208307 
0.0179739 -0.341602 -0.0119187 
-0.0435127 0.104823 -0.0395957 
===in_channel===
0.45578 0.434969 0.132172 
0.257472 0.61299 -0.0923629 
-0.00158325 -0.150616 -0.0994743 
===in_channel===
0.324371 0.0120397 0.146316 
-0.000332828 -0.0160442 0.150149 
0.122448 0.00803567 0.0857345 
===in_channel===
0.0701885 -0.0143279 0.365913 
-0.421304 0.00488824 0.196999 
0.050837 -0.0556236 0.175072 
===in_channel===
-0.0237839 0.155081 -0.0541882 
0.160134 0.0875974 0.344276 
-0.167695 -0.314 -0.122137 
===in_channel===
0.039883 0.340119 -0.193696 
-0.114562 0.396444 0.0515603 
-0.508873 -0.31561 -0.00341068 
===in_channel===
0.451012 0.473075 0.138302 
0.0273335 -0.014266 0.0242074 
-0.0858173 -0.405564 -0.295561 
===in_channel===
0.169688 -0.222912 -0.0507651 
0.0811676 0.0920415 0.0290462 
-0.291461 -0.022914 -0.189149 
===in_channel===
-0.227507 0.131853 0.114179 
-0.228058 -0.336024 0.066841 
-0.398607 0.0582292 -0.240605 
===in_channel===
0.285948 0.383863 -0.0307131 
-0.102288 0.144676 0.214891 
-0.47836 -0.112343 -0.184492 
===in_channel===
0.0798914 0.271711 0.351938 
0.185772 0.380605 0.0443803 
0.61178 0.0433618 -0.0476742 
===in_channel===
-0.262025 0.0057103 0.0186207 
-0.259067 0.0894367 0.0588631 
-0.18241 -0.0671611 0.00916589 
===in_channel===
-0.142861 -0.0943767 -0.191291 
-0.235299 -0.0458259 -0.566898 
-0.030067 0.12956 -0.109614 
===in_channel===
-0.0407034 0.496722 -0.215481 
0.135987 0.60037 -0.314159 
-0.584331 0.0279822 -0.258892 
===in_channel===
0.243288 0.113055 0.212644 
0.507804 0.524516 -0.124105 
0.36237 0.363962 0.0365213 
===in_channel===
0.463677 0.35488 0.243947 
-0.125875 0.327315 -0.44689 
0.131979 -0.0106818 -0.113467 
===in_channel===
0.0782522 0.020663 0.119865 
-0.12538 0.0165783 -0.0403754 
-0.069853 -0.200179 0.221449 
===in_channel===
-0.00601664 0.293754 -0.250335 
0.532474 0.52914 -0.0158346 
-0.108649 -0.0113573 -0.121052 
===in_channel===
0.0338119 0.25714 -0.125975 
-0.227844 -0.208506 -0.232682 
-0.013042 0.291675 0.244703 
===in_channel===
0.170751 0.0731382 0.22089 
-0.357347 -0.212877 0.0670694 
-0.130163 -0.0617152 -0.164684 
===in_channel===
0.00257062 0.381312 -0.122446 
0.439574 0.271355 0.105724 
-0.497791 -0.443052 -0.705442 
===in_channel===
0.47216 0.219507 0.26378 
-0.18842 -0.288532 0.161452 
-0.315235 -0.616593 -0.0973559 
===in_channel===
0.358943 0.350033 -0.106243 
0.0582257 0.232055 0.238411 
-0.232622 -0.435835 0.157026 
===in_channel===
-0.00454212 -0.171836 0.462516 
-0.216499 -0.17843 0.0748917 
-0.350143 -0.262842 -0.0198992 
===in_channel===
-0.0941464 -0.668732 -0.156019 
0.151305 -0.372589 0.193755 
-0.141415 0.120714 0.322534 
===in_channel===
0.248802 0.357286 0.40397 
-0.362761 -0.162875 -0.191747 
-0.0451706 -0.503869 -0.547148 
===in_channel===
0.349984 0.336188 0.242993 
-0.269084 -0.100643 -0.441016 
0.307548 0.0969446 -0.0651773 
===in_channel===
0.232181 0.352275 -0.424999 
0.0809855 -0.0610985 0.0531347 
-0.205024 0.118419 -0.363665 
===in_channel===
0.109068 -0.166449 -0.0786286 
0.502413 0.160333 0.0301743 
-0.0203426 0.479485 0.212949 
===in_channel===
-0.0562961 0.252672 0.108116 
-0.0952499 -0.276961 0.124522 
0.465143 -0.268514 -0.696966 
===in_channel===
0.47626 0.34407 0.269119 
-0.256378 -0.446518 -0.206419 
0.147349 0.30502 -0.470391 
===in_channel===
0.185682 0.0735803 0.382632 
0.0476869 -0.0779003 0.0218358 
-0.437178 -0.536746 -0.0372391 
===in_channel===
===out_channel===
-0.365964 -0.245249 -0.266379 
-0.130188 -0.225973 -0.12994 
0.215222 -0.25783 -0.355021 
===in_channel===
-0.0913049 -0.231087 -0.212096 
0.187588 -0.113317 -0.206243 
0.11095 0.128961 0.152835 
===in_channel===
-0.207285 0.317037 0.2161 
-0.295723 -0.474547 -0.154644 
-0.331425 -0.0638622 0.103713 
===in_channel===
0.0260327 0.341733 -0.0458984 
0.240296 0.0668654 -0.080702 
-0.199266 -0.254288 -0.140823 
===in_channel===
0.0502886 -0.108285 0.216883 
0.125771 0.173028 -0.182278 
0.0532712 0.186951 -0.220606 
===in_channel===
0.110463 0.258703 -0.164928 
-0.0776039 0.284458 0.0949852 
0.282086 -0.057742 0.244411 
===in_channel===
0.0418961 -0.0660874 0.121693 
0.189228 -0.00137338 0.0760022 
0.235168 -0.0912965 0.141543 
===in_channel===
-0.416386 -0.0245657 0.228716 
0.117449 0.110257 0.0579973 
-0.142722 0.0543624 -0.324287 
===in_channel===
-0.204902 -0.192234 0.240067 
-0.468055 -0.0210803 -0.107864 
0.04271 -0.245811 0.02744 
===in_channel===
-0.270675 0.333341 -0.276271 
0.145742 0.385134 0.227464 
0.194294 -0.101154 -0.0592356 
===in_channel===
-0.0425934 -0.162538 -0.398781 
-0.220594 -0.350033 -0.0823879 
-0.414938 -0.242905 0.0908603 
===in_channel===
-0.177295 -0.0607215 -0.0763184 
-0.0121484 0.0760246 -0.209002 
0.130391 -0.414607 -0.306998 
===in_channel===
-0.250492 -0.0527196 -0.328456 
0.00178869 -0.18217 -0.591179 
0.0478476 -0.581845 -0.288896 
===in_channel===
-0.0848762 -0.35322 -0.503219 
-0.306568 0.0930456 -0.0242607 
-0.166509 0.213198 0.143853 
===in_channel===
-0.254023 -0.476111 -0.494776 
-0.29131 -0.353554 -0.152874 
-0.495801 0.0682059 -0.247983 
===in_channel===
-0.117609 -0.092017 -0.062141 
-0.722434 -0.638562 -0.16591 
-0.564825 0.00763001 0.307114 
===in_channel===
-0.235281 0.321827 0.126429 
0.160155 -0.175773 0.00524587 
-0.0397 -0.0393185 -0.135016 
===in_channel===
-0.402661 -0.508709 -0.431676 
-0.422472 -0.395205 -0.202922 
-0.333248 -0.110432 0.0888312 
===in_channel===
0.120584 0.117202 -0.333111 
-0.0844786 -0.0639801 -0.519002 
-0.0506862 -0.361285 -0.0765541 
===in_channel===
0.170781 -0.219349 0.0666518 
-0.0145538 0.151645 0.13456 
0.165957 -0.0742146 -0.131428 
===in_channel===
-0.189443 -0.203172 -0.390088 
0.170873 0.0334989 -0.013623 
0.0214972 0.220748 0.14049 
===in_channel===
-0.197163 0.0802852 0.0945072 
-0.356655 -0.235343 0.322079 
0.0343271 0.209856 0.0184647 
===in_channel===
0.115809 0.109652 0.0477441 
-0.118053 0.435107 0.156628 
0.0705345 0.12377 -0.0787703 
===in_channel===
-0.0444651 -0.545932 0.0868305 
0.190684 0.059169 0.160841 
0.104072 -0.205004 0.0731747 
===in_channel===
0.0120116 -0.419746 -0.456988 
0.0259194 -0.30448 -0.0519374 
0.21626 -0.127406 -0.483873 
===in_channel===
-0.117491 -0.352618 -0.29008 
-0.46553 -0.672702 0.058287 
-0.556402 -0.217881 0.388437 
===in_channel===
-0.146386 -0.298602 -0.069592 
-0.144575 -0.438043 -0.0557484 
-0.461565 -0.380466 0.160162 
===in_channel===
-0.026249 0.165036 -0.0642892 
-0.105479 0.0504649 -0.368018 
0.135494 -0.324528 -0.0502749 
===in_channel===
0.127201 -0.147773 -0.559809 
-0.0441781 -0.366833 -0.485688 
-0.304804 -0.289516 -0.336713 
===in_channel===
-0.640303 -0.736855 0.0649377 
-0.692747 -0.0947444 0.17798 
0.147734 -0.0733978 0.0061424 
===in_channel===
-0.220598 -0.516904 -0.556397 
-0.0985933 -0.27742 -0.245902 
-0.311862 -0.569944 0.027995 
===in_channel===
0.083202 0.190884 0.241971 
-0.400369 -0.0501171 -0.0606159 
0.127513 -0.191338 -0.150371 
===in_channel===
===out_channel===
-0.0864214 -0.13564 -0.53756 
-0.272554 -0.0155742 0.155254 
-0.387006 -0.421909 -0.179755 
===in_channel===
0.142055 -0.499923 -0.139125 
0.286686 0.637428 0.0876202 
-0.334201 -0.0534032 0.447681 
===in_channel===
-0.0046006 0.0702771 0.288279 
-0.267394 -0.170788 0.170132 
0.412795 0.218948 -0.197382 
===in_channel===
0.305249 0.420003 0.228656 
0.00637504 -0.335685 0.219296 
-0.249797 -0.574075 -0.0124321 
===in_channel===
-0.253066 -0.386294 -0.0650304 
0.0451169 0.268643 0.267553 
-0.192948 -0.0821898 0.0084709 
===in_channel===
-0.143835 0.028507 0.101842 
0.235937 0.404516 0.0995783 
-0.118381 -0.0999076 0.202629 
===in_channel===
0.133826 0.127851 0.176153 
0.313076 0.152688 0.2103 
-0.527456 -0.684 -0.308423 
===in_channel===
-0.351634 -0.119739 -0.486306 
-0.106102 -0.0682064 -0.235768 
-0.256707 -0.274076 0.0643682 
===in_channel===
0.175959 -0.352152 -0.63687 
0.0113146 0.14915 -0.0409849 
-0.482126 0.0312718 -0.378602 
===in_channel===
-0.202971 0.0459168 0.0972023 
0.131451 0.528886 0.427875 
-0.264537 -0.466367 -0.0600774 
===in_channel===
0.189186 -0.7059 -0.278911 
0.329974 0.523434 -0.0641423 
0.164955 0.596654 0.625059 
===in_channel===
0.0975091 -0.15026 0.302543 
-0.144416 -0.149636 -0.0237816 
0.0167136 0.132099 0.190004 
===in_channel===
0.0786262 -0.00532589 -0.356723 
-0.40843 -0.569113 -0.280376 
-0.610021 -0.123008 -0.165227 
===in_channel===
0.212134 -0.00599592 -0.401295 
0.490474 0.505785 -0.181753 
-0.356658 0.207814 0.419447 
===in_channel===
-0.185332 -0.59814 -0.708792 
0.510347 0.395687 -0.204351 
0.336874 0.495055 0.386055 
===in_channel===
-0.0127894 -0.36957 -0.177526 
0.158666 0.248089 -0.218848 
0.383833 0.340098 0.370459 
===in_channel===
0.0998882 -0.116633 0.208727 
0.0720128 0.210098 0.103874 
-0.360506 -0.095503 -0.107634 
===in_channel===
-0.351293 -0.812492 -0.365066 
0.0923584 0.452293 0.158266 
-0.106411 0.397096 0.317887 
===in_channel===
-0.0321287 0.246694 -0.0896619 
0.0904331 0.0278233 0.170664 
-0.320318 -0.320809 -0.0706243 
===in_channel===
0.0757943 0.47411 0.23297 
0.10251 0.301044 0.346361 
-0.317373 -0.52451 -0.231049 
===in_channel===
0.113498 -0.0974281 -0.0540652 
0.561221 0.677427 0.210558 
-0.201838 -0.242174 -0.0623253 
===in_channel===
0.115312 0.192606 -0.278376 
0.202948 0.0946376 0.0880907 
-0.638926 -0.224878 -0.446636 
===in_channel===
0.167195 -0.270847 0.252324 
0.484227 0.332353 0.255313 
-0.377861 -0.497268 0.213513 
===in_channel===
0.171798 0.0666251 -0.117864 
0.0116035 -0.13289 -0.164081 
-0.0953326 -0.507706 -0.0681406 
===in_channel===
-0.141629 -0.491992 -0.908915 
-0.0388872 -0.0266098 0.225838 
-0.01907 -0.324097 0.135149 
===in_channel===
0.40834 0.411681 0.28968 
0.0987853 0.0839482 0.0133026 
-0.33911 0.00159208 -0.658693 
===in_channel===
0.607124 0.464389 0.374094 
-0.432086 -0.00725565 -0.106136 
0.116144 0.182423 0.111024 
===in_channel===
0.0878548 -0.390665 -0.0900649 
-0.0239156 -0.043007 -0.0169452 
-0.421255 -0.390585 0.209818 
===in_channel===
-0.142399 -0.788538 -0.734491 
0.223317 0.368337 0.298815 
0.119292 0.652932 0.531714 
===in_channel===
-0.0974723 0.0628584 -0.213332 
0.184602 -0.0479544 0.104448 
-0.563613 -0.261449 -0.508768 
===in_channel===
0.49718 0.409999 0.614829 
-0.187843 -0.0354896 -0.0128905 
0.332383 -0.179749 -0.0962007 
===in_channel===
-0.111495 0.0824818 -0.0806067 
-0.203425 0.288245 0.375487 
-0.135618 -0.370343 -0.115012 
===in_channel===
===out_channel===
-0.161212 0.33275 0.243736 
-0.381745 -0.542936 0.204454 
0.148115 -0.256925 0.154883 
===in_channel===
0.061904 0.339244 0.444605 
-0.242816 -0.092957 0.292497 
-0.215644 -0.377551 -0.054648 
===in_channel===
0.127431 0.466673 0.119478 
-0.246334 -0.0555259 -0.0562088 
-0.124128 0.134129 0.259039 
===in_channel===
-0.291984 0.143026 -0.0399349 
-0.221697 0.333567 -0.169812 
-0.439603 0.328726 -0.122752 
===in_channel===
0.128271 0.097655 -0.289671 
-0.125246 -0.140031 0.0938838 
-0.45428 -0.118123 -0.126592 
===in_channel===
0.387252 -0.202119 0.0730645 
-0.436185 0.0580123 0.191591 
-0.0895723 0.264578 -0.0421894 
===in_channel===
0.00326453 -0.0856134 0.198058 
-0.592338 0.264118 0.159512 
-0.3211 0.366691 -0.0188756 
===in_channel===
0.00617026 -0.0726877 -0.209559 
-0.186106 -0.191859 0.178632 
0.162033 -0.331806 0.39741 
===in_channel===
-0.234413 0.44271 -0.427881 
-0.427184 -0.294755 0.320921 
0.375201 -0.370705 0.00769528 
===in_channel===
0.3385 0.0560747 -0.0920175 
-0.0739941 -0.0646689 0.265851 
0.0698601 0.154114 -0.152119 
===in_channel===
0.700607 0.512426 0.579782 
0.333363 0.0961272 0.205048 
-0.29387 0.129726 -0.0645603 
===in_channel===
0.121337 0.0448557 0.27657 
0.0316594 0.246221 -0.0645955 
-0.20612 0.253197 -0.372803 
===in_channel===
-0.124095 -0.0594929 -0.104103 
-0.254613 0.280741 -0.173315 
-0.00035059 0.310494 -0.546506 
===in_channel===
0.215541 -0.296975 0.336514 
-0.0268063 0.218883 -0.349169 
0.0881095 -0.0958976 -0.164709 
===in_channel===
0.551871 0.657421 0.368459 
0.328681 0.195454 0.265544 
-0.272541 0.150701 0.300016 
===in_channel===
0.663212 0.304877 0.176855 
0.346884 -0.102715 0.0497238 
-0.271317 0.0643653 -0.0318602 
===in_channel===
0.273907 -0.255778 -0.0123545 
-0.500976 0.277837 -0.292525 
-0.186479 0.228737 -0.308959 
===in_channel===
0.211287 0.105864 0.471181 
0.0301537 0.124826 0.14901 
-0.284205 -0.0182731 0.100673 
===in_channel===
-0.228845 -0.225211 -0.0295815 
-0.172573 -0.0955443 -0.462399 
0.0720239 0.306598 -0.614416 
===in_channel===
0.0304787 -0.114215 -0.11835 
-0.642863 0.0590373 -0.240208 
-0.34049 0.346879 -0.0877828 
===in_channel===
0.196509 -0.244207 -0.0938381 
-0.416222 0.108472 0.165886 
0.0871932 -0.169634 -0.0571543 
===in_channel===
-0.0232925 0.373781 -0.0296132 
-0.778985 -0.234452 0.192737 
0.0612605 -0.163702 0.255008 
===in_channel===
0.224459 -0.0541261 -0.147045 
-0.427078 -0.193055 0.083721 
-0.368295 -0.100189 0.0922118 
===in_channel===
0.00173251 0.298783 0.202697 
-0.236237 -0.0897121 0.120023 
0.427676 -0.0883391 0.28044 
===in_channel===
0.0305674 0.544784 0.197662 
-0.386014 0.00707388 -0.0736516 
0.0615479 -0.10641 0.241856 
===in_channel===
-0.520903 0.656984 -0.0597466 
-0.331878 0.31184 0.120469 
0.0655955 -0.177343 0.239777 
===in_channel===
-0.306931 0.172796 0.118075 
-0.330801 0.441641 -0.00690622 
0.0492429 0.129376 -0.0732332 
===in_channel===
0.2765 -0.369829 -0.149391 
-0.514189 0.113735 -0.413031 
-0.00493846 0.148907 -0.456995 
===in_channel===
0.536585 0.734483 0.551506 
-0.00699765 0.0655843 -0.02417 
-0.265278 -0.155277 0.408356 
===in_channel===
-0.458497 0.223766 0.0240942 
-0.284674 -0.0507783 0.33366 
0.104266 -0.0410861 0.284803 
===in_channel===
-0.388612 0.295237 0.231176 
-0.0926528 0.10942 0.171055 
0.0651753 0.213563 0.231201 
===in_channel===
-0.260725 0.484174 0.0430172 
-0.454513 -0.172448 0.470536 
0.0540024 -0.232304 0.399474 
===in_channel===
===out_channel===
-0.0544511 0.103697 0.146661 
-0.509375 0.055499 -0.0992808 
0.190916 -0.812142 -0.40909 
===in_channel===
-0.114987 -0.239121 -0.0598893 
0.204191 0.355444 -0.0909569 
-0.388611 0.424141 0.356964 
===in_channel===
0.137578 0.173118 -0.0699348 
-0.32408 -0.296895 -0.122297 
-0.183954 -0.168115 0.238227 
===in_channel===
-0.0176349 0.447222 -0.160296 
-0.0229662 -0.194286 0.233503 
-0.024971 -0.151821 -0.153263 
===in_channel===
0.0191895 0.233149 -0.273919 
0.0739532 0.388495 -0.178562 
-0.42146 -0.18123 0.147439 
===in_channel===
0.19991 -0.206055 -0.327648 
0.0328577 0.248512 -0.300722 
0.00860898 -0.0481114 0.226224 
===in_channel===
-0.255007 -0.0164696 -0.14516 
-0.300972 -0.0547567 0.326804 
-0.174349 -0.147248 0.124401 
===in_channel===
-0.35202 -0.505577 -0.031937 
-0.0249276 -0.244344 -0.0400992 
0.0802666 -0.236345 0.0148479 
===in_channel===
0.109566 0.121431 0.0356633 
-0.812328 -0.0360915 0.199427 
0.1561 -0.418894 0.17985 
===in_channel===
0.10803 -0.0273497 -0.183164 
-0.109897 0.41623 0.230211 
0.0701458 0.0863768 0.278147 
===in_channel===
-0.147299 -0.48942 -0.19346 
0.125992 -0.0747047 -0.0106303 
-0.533206 0.373531 0.471883 
===in_channel===
-0.2048 -0.141467 0.141518 
0.367434 -0.264818 -0.0697179 
-0.126044 0.349336 -0.267921 
===in_channel===
0.174115 0.211453 -0.109779 
-0.125129 -0.187988 -0.520067 
-0.418262 0.183277 -0.372888 
===in_channel===
0.227377 -0.0998976 -0.380758 
0.0868018 0.520711 -0.486819 
-0.583587 0.348208 -0.0494757 
===in_channel===
0.170857 -0.512523 -0.225282 
0.115885 -0.192484 -0.314751 
-0.634455 0.360572 0.169287 
===in_channel===
0.299667 -0.340343 -0.162941 
0.400769 0.162915 -0.322747 
-0.747109 0.78578 0.204314 
===in_channel===
-0.21857 0.298753 -0.273104 
0.0769226 0.0737408 -0.0911436 
-0.430253 0.162068 0.203916 
===in_channel===
0.149798 -0.49257 -0.0722994 
0.180846 -0.0750089 -0.142835 
-0.486603 -0.0152942 0.100511 
===in_channel===
0.0279935 0.0215209 -0.0248643 
0.236917 0.215174 -0.499954 
-0.316622 0.10003 -0.368638 
===in_channel===
-0.0860091 0.296442 -0.175825 
-0.127933 0.0546328 0.152996 
-0.263787 -0.0563865 0.131322 
===in_channel===
0.0698495 0.12999 -0.219335 
-0.167446 0.462518 -0.234911 
-0.404172 0.333698 0.0637514 
===in_channel===
0.138999 0.0547728 0.0532483 
-0.452985 0.194935 0.65915 
0.228272 -0.471781 0.32282 
===in_channel===
-0.135266 0.210204 0.0431692 
-0.0709899 -0.056039 0.286752 
0.173011 -0.108209 0.0398831 
===in_channel===
-0.145093 -0.017177 -0.12856 
-0.412525 -0.0231435 -0.000693494 
0.0787615 -0.287983 -0.161259 
===in_channel===
-0.127497 -0.638364 -0.12306 
-0.240278 -0.378109 -0.414887 
0.15251 -0.77927 -0.421023 
===in_channel===
-0.00524606 0.0862307 0.185424 
-0.355224 -0.0540777 0.576736 
-0.257348 -0.309243 0.163402 
===in_channel===
-0.229987 0.382643 0.374786 
-0.295594 -0.482308 -0.127309 
-0.449406 -0.183153 -0.00348662 
===in_channel===
0.317638 0.129094 -0.522099 
-0.000518448 0.414714 -0.605927 
-0.687037 0.345852 -0.125072 
===in_channel===
0.118382 -0.284508 -0.240495 
0.180009 -0.092726 -0.375956 
-0.115194 -0.0730843 0.057398 
===in_channel===
-0.438187 0.419469 0.303975 
-0.102062 -0.271782 -0.127766 
-0.0973843 -0.222604 -0.132109 
===in_channel===
-0.0892971 -0.0496248 -0.0620244 
0.126499 -0.586342 0.221831 
-0.304557 -0.185032 -0.225608 
===in_channel===
-0.237506 0.435854 -0.108466 
-0.287142 -0.0980097 0.328786 
0.38271 -0.202635 -0.162083 
===in_channel===
===out_channel===
-0.0479556 -0.0479286 -0.0159911 
-0.259912 -0.172924 -0.365954 
-0.273709 -0.247773 -0.503 
===in_channel===
0.0849427 -0.0450163 -0.155139 
0.458607 -0.550329 -0.390095 
0.274617 -0.149297 -0.275046 
===in_channel===
0.337992 -0.0570483 -0.177214 
0.0109075 -0.0615463 -0.275736 
0.0196935 -0.358776 -0.169881 
===in_channel===
0.282357 0.248729 -0.0536724 
-0.0710829 0.0411295 0.171726 
-0.239515 0.188435 0.0972318 
===in_channel===
0.00874094 0.0419321 0.10753 
0.422309 -0.172221 -0.117832 
0.124045 0.354743 0.198447 
===in_channel===
-0.412285 -0.281247 0.0237353 
0.210372 0.233237 -0.057391 
0.0142754 0.367982 0.109172 
===in_channel===
-0.0206111 0.135596 -0.136526 
-0.00936836 -0.0519474 -0.149187 
-0.199562 0.151275 0.215914 
===in_channel===
-0.472805 -0.359363 -0.153516 
-0.0143451 -0.485381 0.219194 
-0.410206 -0.373148 -0.0154573 
===in_channel===
0.11611 -0.124356 -0.00624234 
0.0222598 -0.0697752 0.119527 
-0.109159 -0.299176 -0.256854 
===in_channel===
-0.103242 -0.309488 0.160725 
0.179156 0.0761399 0.0167014 
-0.0134135 0.39644 0.21717 
===in_channel===
-0.22316 0.0330268 -0.155307 
0.265215 -0.215118 -0.465302 
0.293435 -0.300651 -0.2818 
===in_channel===
0.393012 0.388919 -0.125845 
-0.216325 -0.216158 0.104383 
-0.0435216 -0.0628312 -0.41551 
===in_channel===
0.405935 -0.26328 0.227496 
-0.0417535 -0.116377 -0.166368 
0.208756 -0.205806 -0.430903 
===in_channel===
-0.140371 0.0891033 -0.0417543 
0.484645 -0.24273 -0.0852449 
0.350569 0.23595 -0.10828 
===in_channel===
-0.192775 0.0504373 -0.395313 
0.244487 -0.53758 -0.366018 
0.0451682 -0.423759 -0.312722 
===in_channel===
0.0359086 0.316706 -0.506979 
0.655004 -0.297835 -0.333708 
0.347549 0.0446197 -0.280243 
===in_channel===
0.279447 -0.099767 -0.0324838 
-0.0408785 -0.0965487 -0.000718834 
0.251589 0.0482323 0.081078 
===in_channel===
-0.389984 -0.252504 -0.21741 
-0.0484379 -0.47123 -0.464223 
-0.14562 -0.286351 -0.0814561 
===in_channel===
0.205482 -0.0535603 0.22578 
-0.000477895 -0.33505 0.0981228 
-0.144009 0.0139238 -0.236811 
===in_channel===
-0.0259126 0.244115 0.0276524 
0.0937015 0.11533 0.2543 
0.168105 0.293397 0.0230167 
===in_channel===
-0.317471 -0.293994 0.25326 
0.387018 -0.0973341 -0.110058 
0.245399 0.373296 0.314386 
===in_channel===
0.0328191 -0.184883 -0.0480078 
0.325712 0.195119 0.00316134 
-0.202956 0.193246 -0.127219 
===in_channel===
0.0169891 -0.314231 -0.0358116 
0.359238 0.262221 0.189797 
-0.250434 0.191955 -0.175159 
===in_channel===
-0.146756 -0.242683 -0.0894631 
0.150685 -0.0809668 0.140798 
-0.463285 -0.0616218 -0.0927948 
===in_channel===
-0.0888074 -0.514005 -0.170188 
0.115614 -0.39741 -0.262094 
-0.325802 -0.33239 -0.202557 
===in_channel===
0.131494 -0.136232 -0.373226 
0.19512 0.0217447 -0.113592 
-0.249588 -0.437254 0.288199 
===in_channel===
0.368996 0.0840979 -0.007262 
-0.532913 -0.270803 -0.357907 
-0.0700545 -0.439283 -0.135678 
===in_channel===
-0.250168 -0.347198 -0.00224248 
0.275053 0.235468 0.287503 
0.129735 -0.196822 -0.265173 
===in_channel===
-0.13133 -0.307824 -0.0869367 
0.196974 -0.0340689 -0.363831 
0.366844 -0.131085 0.00329258 
===in_channel===
0.476305 0.194242 0.0295888 
0.509589 0.270189 -0.075118 
-0.607196 -0.484619 -0.259926 
===in_channel===
0.568625 0.357266 -0.323757 
-0.208716 -0.443561 -0.191075 
0.245522 -0.100591 -0.0144698 
===in_channel===
-0.00786988 -0.125323 -0.263754 
0.0802822 -0.0324696 0.0202916 
-0.230474 0.0318421 0.103402 
===in_channel===
===out_channel===
-0.19516 0.192752 -0.170516 
-0.772496 -0.0363837 0.179515 
-0.612782 0.350324 -0.086799 
===in_channel===
0.485244 -0.176915 -0.164785 
0.175803 0.10289 -0.0154488 
-0.492359 0.0976846 -0.0308933 
===in_channel===
-0.630233 -0.0838478 0.0700873 
-0.454072 -0.0330017 -0.225841 
-0.109237 0.104953 -0.0137236 
===in_channel===
-0.159923 0.268697 0.0953068 
-0.519945 -0.0221848 -0.111319 
-0.0993768 0.292351 0.175013 
===in_channel===
0.143912 0.299939 -0.087149 
-0.340254 0.456287 0.0693567 
-0.267369 0.267039 0.204712 
===in_channel===
0.00109926 0.391024 -0.588803 
-0.380343 0.311778 0.114843 
-0.32806 0.171546 0.00170283 
===in_channel===
-0.119549 0.209094 0.182098 
-0.287936 0.278993 -0.0207239 
-0.325888 0.116682 -0.00452699 
===in_channel===
0.0306798 -0.432713 -0.41328 
-0.58994 -0.336885 -0.21911 
-0.527132 0.00127512 -0.240511 
===in_channel===
-0.207206 -0.066493 0.251553 
-0.273843 -0.432045 0.135424 
-0.341473 -0.379027 -0.006577 
===in_channel===
-0.130724 0.206069 -0.348889 
-0.534537 -0.0196867 0.108987 
-0.264874 -0.0304686 0.327441 
===in_channel===
0.304946 -0.715116 -0.485048 
0.0895391 0.268789 -0.248072 
-0.283173 0.262402 -0.154221 
===in_channel===
-0.158771 -0.22604 -0.0668563 
0.103467 0.0154323 -0.472431 
-0.222048 0.0232696 -0.0580537 
===in_channel===
0.0629177 -0.191787 -0.208298 
0.100206 -0.382203 -0.85527 
-0.184419 0.0450702 -0.462186 
===in_channel===
0.378384 0.221928 -0.561135 
0.295498 0.436624 -0.141912 
-0.508871 -0.0166561 0.269654 
===in_channel===
0.000771573 -0.218188 -0.0011672 
-0.015327 0.0759788 -0.472709 
-0.103184 -0.0348059 -0.141011 
===in_channel===
0.264103 -0.189413 -0.319541 
0.53215 0.485513 -0.235348 
-0.223526 0.223681 0.290289 
===in_channel===
0.13327 0.16958 -0.363585 
-0.320035 0.150224 0.239373 
-0.213836 0.0577789 -0.184574 
===in_channel===
0.0293648 -0.588562 -0.279532 
-0.339642 0.0197309 -0.331685 
-0.111087 -0.154036 -0.194383 
===in_channel===
0.0913324 0.0244565 -0.115771 
-0.0444491 0.145787 -0.578098 
-0.00176221 0.285407 -0.0603459 
===in_channel===
-0.375713 0.466944 -0.214274 
-0.275342 0.11406 0.00281477 
0.106301 0.0931108 0.123573 
===in_channel===
0.21472 0.230193 -0.236677 
-0.357732 0.242031 -0.324761 
-0.510891 -0.173124 0.253901 
===in_channel===
-0.116854 0.723134 0.0765815 
-0.259384 -0.155201 0.537942 
-0.4182 -0.316389 -0.162118 
===in_channel===
0.199147 0.412824 -0.201183 
-0.518043 0.385665 0.103384 
-0.137693 0.137544 0.207105 
===in_channel===
-0.254513 0.051549 0.11931 
-0.642598 0.0366773 0.0795063 
-0.402601 -0.262669 0.242645 
===in_channel===
-0.281005 -0.678599 -0.240574 
-0.651919 -0.246334 -0.4682 
-0.512388 -0.210057 -0.0613692 
===in_channel===
-0.23879 0.518653 0.536095 
-0.580268 -0.197143 0.2233 
-0.095845 -0.149059 0.0253757 
===in_channel===
-0.166512 0.180509 0.190841 
-0.371092 -0.838984 -0.39912 
0.193086 -0.0991096 -0.372792 
===in_channel===
0.396423 0.190892 -0.862916 
-0.343729 0.369029 -0.212993 
-0.307805 0.402166 0.197759 
===in_channel===
-0.0493563 -0.557053 -0.395896 
-0.093362 0.0292722 -0.484717 
-0.226076 0.0957556 -0.212719 
===in_channel===
-0.388508 0.12181 0.557975 
0.0239889 0.232857 0.12204 
-0.388798 -0.167805 0.022486 
===in_channel===
-0.508158 -0.149663 0.449091 
-0.480035 -0.78044 -0.108079 
0.17247 0.0177295 -0.107121 
===in_channel===
-0.172914 0.271248 0.230924 
-0.340425 0.0408541 -0.0383735 
-0.282385 -0.0432209 -0.11705 
===in_channel===
===out_channel===
-0.130557 0.0552518 0.464597 
-0.0683129 -0.450819 -0.197033 
-0.288355 -0.514696 0.284144 
===in_channel===
-0.0920981 0.421587 -0.0180714 
-0.122142 -0.181575 -0.467352 
-0.155973 -0.38777 0.143319 
===in_channel===
0.119641 -0.0701916 0.367071 
0.0260716 0.217626 0.172315 
0.477358 0.224603 0.0279793 
===in_channel===
-0.108051 -0.207294 -0.187652 
-0.140682 0.038266 0.187112 
0.26796 0.642369 0.056243 
===in_channel===
-0.280737 0.159447 -0.0587042 
-0.467468 -0.356245 -0.173656 
-0.339257 0.0966033 0.0722669 
===in_channel===
-0.218275 0.151958 -0.202878 
-0.566804 -0.0561253 -0.058267 
-0.247533 -0.0860325 0.331088 
===in_channel===
-0.514377 -0.0594111 -0.0691386 
-0.362608 -0.324948 0.0847257 
0.0976273 0.339714 0.449956 
===in_channel===
-0.187158 0.226634 0.426427 
-0.215468 -0.231866 0.116511 
0.0366767 -0.144242 0.404744 
===in_channel===
0.0893173 0.159323 0.558372 
-0.237581 -0.306059 0.00306344 
-0.0772216 -0.0947805 -0.048921 
===in_channel===
-0.31821 0.0339655 0.0510936 
-0.582668 -0.149314 0.0823494 
0.12981 0.0193405 0.462804 
===in_channel===
0.331997 0.539961 0.290721 
0.0769462 -0.0447203 -0.217171 
-0.456042 0.0986537 0.104747 
===in_channel===
0.0564707 0.0259788 -0.357743 
-0.111562 -0.295827 0.106394 
-0.169057 0.623764 0.441524 
===in_channel===
-0.213549 0.0995249 -0.378606 
-0.11252 -0.0619966 0.567076 
0.379848 0.399827 -0.19209 
===in_channel===
-0.161912 0.559335 -0.0140869 
-0.347636 -0.21839 -0.286691 
-0.223144 -0.100257 0.00933058 
===in_channel===
-0.133944 0.542076 0.174835 
0.10103 0.170442 0.00406464 
-0.535839 -0.29867 0.309667 
===in_channel===
0.545553 0.280389 0.177694 
0.179966 0.46109 0.0269272 
-0.385102 -0.205149 0.282968 
===in_channel===
-0.381381 -0.137218 -0.418279 
-0.34812 -0.298764 0.450381 
0.133206 0.402523 -0.205394 
===in_channel===
0.241756 0.197488 0.287178 
0.112067 -0.018295 -0.173511 
-0.620567 0.00961895 0.444864 
===in_channel===
0.0897567 0.357663 -0.306168 
-0.281967 0.00533134 0.142546 
0.155615 0.361017 0.321448 
===in_channel===
-0.449885 -0.302718 -0.563948 
-0.17156 -0.127336 0.140686 
-0.119883 0.488051 0.324084 
===in_channel===
-0.0220977 0.338851 -0.171861 
-0.313562 -0.376215 -0.20184 
-0.020801 -0.245507 -0.115203 
===in_channel===
0.174228 -0.182863 0.0445798 
-0.341849 -0.090896 -0.305953 
0.00959343 0.1046 -0.323299 
===in_channel===
-0.36844 0.123319 0.187781 
-0.583759 -0.117171 -0.348058 
0.00675849 0.0862153 0.471735 
===in_channel===
-0.0268742 0.19176 -0.0585401 
-0.325384 -0.2417 -0.347248 
-0.163801 -0.118479 0.0551273 
===in_channel===
-0.238095 -0.049158 0.0427272 
-0.303327 -0.0877809 -0.110693 
0.0643816 0.0112055 0.401122 
===in_channel===
0.158972 -0.372863 0.209956 
0.181136 -0.111411 0.50418 
-0.0494989 0.27821 -0.15206 
===in_channel===
-0.262139 -0.144257 0.114606 
-0.219753 -0.0186218 1.06265 
0.611036 0.336733 -0.22345 
===in_channel===
0.0713424 0.0600697 -0.373519 
-0.378085 -0.0985753 0.268215 
-0.0509612 0.395336 -0.185379 
===in_channel===
-0.204284 0.538277 0.218136 
0.0127469 0.381794 -0.219134 
-0.491315 -0.234624 -0.054955 
===in_channel===
0.323382 -0.194373 0.075901 
-0.0241729 -0.215367 0.0309257 
0.245755 -0.328166 -0.205968 
===in_channel===
-0.0137383 -0.53705 -0.393194 
-0.177106 -0.100887 0.717586 
0.367471 0.431289 -0.0518557 
===in_channel===
0.0172076 -0.402456 0.375862 
-0.281394 -0.380805 0.0597138 
0.234621 -0.114978 -0.0113882 
===in_channel===
===out_channel===
-0.222505 0.257021 0.202456 
-0.51722 -0.420718 -0.312157 
0.340553 0.0639239 -0.592966 
===in_channel===
0.590242 0.556999 0.598595 
-0.389674 0.0949874 -0.145169 
0.145747 -0.418574 -0.515389 
===in_channel===
-0.199681 0.107817 0.326545 
0.372542 -0.00641512 0.466558 
0.0610481 -0.401318 0.249648 
===in_channel===
-0.539403 -0.182351 0.155399 
0.448808 -0.445375 -0.289985 
-0.241146 -0.0406331 0.326571 
===in_channel===
0.216211 0.480069 0.463346 
-0.241854 -0.211923 -0.0612373 
0.232214 -0.0394017 -0.0989775 
===in_channel===
-0.0289805 0.0440598 0.495515 
-0.380518 -0.378161 -0.30979 
0.170694 -0.287549 -0.220743 
===in_channel===
-0.270265 -0.0634334 0.297874 
0.123464 -0.560482 -0.468542 
0.0913257 -0.300814 0.0531304 
===in_channel===
-0.0960861 0.0119516 0.20016 
-0.607581 -0.428337 0.219067 
0.538244 -0.0126603 -0.582451 
===in_channel===
0.124728 -0.332774 0.236855 
-0.406424 -0.336539 -0.173461 
0.433462 -0.0833889 -0.280589 
===in_channel===
0.170956 0.147889 0.486001 
-0.644007 -0.476379 -0.482105 
0.162125 -0.306655 -0.0409637 
===in_channel===
0.669289 0.322249 0.662238 
0.158245 0.537789 0.323286 
0.216597 -0.881983 -0.320982 
===in_channel===
-0.320285 0.140454 -0.0625753 
0.139898 -0.119095 -0.490114 
0.0243225 -0.322307 0.119218 
===in_channel===
-0.48013 -0.0609098 -0.26012 
-0.272146 0.0101092 -0.388092 
-0.118591 0.120785 0.1305 
===in_channel===
0.161233 0.567185 0.362581 
-0.357378 -0.290589 -0.3966 
-0.0791671 -0.239191 -0.457937 
===in_channel===
0.693382 0.583342 0.231801 
-0.1335 0.132342 0.00885238 
0.435805 -0.398101 -0.564114 
===in_channel===
0.396066 0.354519 0.088214 
0.582819 0.604209 0.0729487 
-0.335719 -0.418159 -0.455167 
===in_channel===
-0.231181 0.229483 -0.191681 
-0.122908 -0.244764 -0.308508 
-0.157888 0.152051 0.429394 
===in_channel===
0.569361 0.393244 0.371355 
-0.223537 0.280505 -0.000261227 
0.471463 -0.705012 -0.69855 
===in_channel===
-0.348597 -0.0808865 0.0773469 
-0.309976 0.0729202 -0.574694 
-0.00160397 -0.25693 0.343174 
===in_channel===
-0.287434 -0.0695138 -0.106725 
0.293634 -0.531804 -0.588706 
-0.0578516 -0.0786374 0.375306 
===in_channel===
0.372661 0.589545 0.472245 
-0.571671 -0.27102 -0.417555 
0.487716 -0.0594582 -0.220924 
===in_channel===
0.000227882 0.168132 0.177784 
-0.0893839 -0.23983 -0.0714429 
0.178561 -0.0627149 0.0345723 
===in_channel===
-0.0169049 0.3893 0.353546 
-0.234556 -0.312171 -0.415455 
-0.0914023 -0.288362 -0.13664 
===in_channel===
-0.125116 -0.0046973 0.46493 
0.0473298 -0.512184 -0.136539 
0.203674 -0.197074 -0.294203 
===in_channel===
0.182845 0.195692 0.710185 
-0.18957 -0.117876 0.342101 
0.344266 -0.0648462 -0.466685 
===in_channel===
-0.224073 -0.336054 0.0672754 
0.70779 -0.169943 -0.203489 
0.147896 -0.105271 0.0248782 
===in_channel===
-0.185106 -0.365451 0.134078 
0.689679 0.0848368 0.152411 
-0.26107 -0.129845 0.168748 
===in_channel===
0.0936717 0.488872 -0.0805357 
-0.477022 -0.315831 -0.45422 
-0.0287474 0.152299 0.295513 
===in_channel===
0.532498 0.24526 0.461316 
-0.295298 0.161467 0.212826 
0.458135 -0.173751 -0.686994 
===in_channel===
0.112305 -0.492544 -0.0736653 
0.144759 0.249961 -0.195903 
0.310982 0.108831 -0.223207 
===in_channel===
-0.358813 -0.512387 -0.190313 
0.822331 0.597071 0.362216 
0.14989 -0.00561864 0.14006 
===in_channel===
-0.0598458 0.126167 0.24945 
-0.0077009 -0.353957 -0.133367 
0.357973 0.0164687 0.230718 
===in_channel===
===out_channel===
-0.155412 -0.212341 0.313293 
-0.180478 -0.185043 -0.182138 
0.0320842 -0.153807 -0.455188 
===in_channel===
0.394979 0.509496 0.44287 
-0.0391916 0.32877 0.586513 
0.198303 -0.373632 -0.353596 
===in_channel===
-0.152109 -0.341388 -0.095568 
0.264466 0.426538 0.377268 
-0.0452662 0.175407 0.117683 
===in_channel===
-0.0834198 -0.0567746 0.208272 
0.216309 -0.339486 -0.321313 
-0.0338844 0.264083 0.0577259 
===in_channel===
-0.0118822 -0.0950597 0.243986 
-0.477063 -0.605117 -0.18257 
0.119833 0.0825273 -0.170564 
===in_channel===
-0.0876311 0.095551 0.348628 
-0.638396 -0.608966 0.0407051 
0.259269 0.133977 -0.219479 
===in_channel===
-0.194034 0.202856 0.398731 
-0.20454 -0.498311 -0.301742 
0.246323 0.337185 0.204752 
===in_channel===
0.0348523 0.190309 0.0916028 
-0.221367 -0.116674 0.0171956 
-0.021901 -0.419432 0.106653 
===in_channel===
-0.0547659 -0.342265 0.0763168 
-0.376517 -0.218397 -0.140547 
0.081261 -0.0445144 -0.258571 
===in_channel===
0.157276 -0.0523859 0.141225 
-0.347598 -0.49118 0.00145482 
0.241772 0.139627 -0.129605 
===in_channel===
0.201622 0.198932 -0.0631914 
0.100948 0.348293 0.969862 
-0.000762509 -0.66243 -0.404254 
===in_channel===
0.0880869 -0.198429 -0.109981 
0.267908 0.17792 -0.0215052 
0.043901 -0.0272059 0.17847 
===in_channel===
-0.332304 0.386244 0.146942 
-0.348804 -0.184474 -0.369683 
0.180453 0.280009 -0.167683 
===in_channel===
0.11859 0.633482 0.0926652 
-0.347881 0.154678 0.169627 
0.0938058 -0.119808 -0.778564 
===in_channel===
0.408523 0.322054 0.202371 
0.211782 0.554654 0.813588 
0.0785125 -0.491501 -0.251467 
===in_channel===
0.307421 0.304589 -0.221234 
-0.051439 0.762284 0.911118 
-0.0969229 -0.722838 -0.590275 
===in_channel===
-0.105866 -0.00703782 0.286891 
0.0153096 -0.306289 -0.373345 
0.235837 0.455383 0.23931 
===in_channel===
0.118424 0.224411 0.360505 
0.244145 0.349453 0.580506 
-0.0308589 -0.507218 -0.177707 
===in_channel===
-0.279787 0.368343 0.262974 
-0.0672787 0.0906595 -0.376476 
-0.154702 -0.0751936 0.195249 
===in_channel===
-0.196499 -0.0539255 0.0309349 
0.0931501 -0.226397 -0.577487 
0.0551652 0.411216 0.353814 
===in_channel===
-0.133829 0.333761 0.257787 
-0.309294 -0.597836 0.0116913 
0.280049 0.109623 -0.657633 
===in_channel===
-0.180842 -0.0700907 0.287875 
0.0374925 -0.158817 -0.556172 
0.329611 0.423938 0.173495 
===in_channel===
-0.051968 0.20375 0.352043 
-0.572813 -0.429912 -0.172331 
0.468684 -0.0799089 0.0215729 
===in_channel===
0.115515 0.205298 0.128928 
0.0685459 -0.186302 -0.642587 
0.32985 -0.0276423 0.239624 
===in_channel===
0.120278 -0.267559 -0.0393159 
-0.276978 0.180183 0.0104147 
-0.134579 -0.571089 -0.635572 
===in_channel===
0.138236 -0.341818 0.51622 
0.224295 0.417465 0.16467 
0.192047 0.411011 0.148822 
===in_channel===
-0.168353 -0.034442 0.0947443 
0.59455 0.105625 0.0686667 
0.067731 0.458058 0.213627 
===in_channel===
-0.117731 0.428812 0.180128 
-0.156701 -0.356212 0.0663964 
0.309323 -0.133229 -0.234916 
===in_channel===
0.484117 0.455721 0.0397712 
0.21409 0.232242 0.865092 
0.167404 -0.3967 -0.760356 
===in_channel===
-0.0284611 -0.158445 0.0157015 
0.00670052 -0.175008 0.226498 
-0.110353 0.493741 0.596603 
===in_channel===
0.0474503 0.0250037 0.385955 
0.454044 0.369053 -0.102438 
0.459857 0.375339 0.324512 
===in_channel===
-0.0542502 -0.181569 0.195468 
0.150331 -0.057285 -0.444155 
0.267631 0.263458 -0.233978 
===in_channel===
===out_channel===
0.326372 1.01281 0.257224 
0.923626 0.408214 -0.273263 
0.369692 -0.202835 -0.843315 
===in_channel===
0.150464 -0.0867141 -0.217575 
-0.166985 -0.0546995 -0.317147 
0.0821302 -0.744071 0.0229125 
===in_channel===
0.253711 0.350459 0.289553 
0.181489 0.170207 -0.291553 
0.489542 0.0109982 0.0714673 
===in_channel===
0.220882 0.013638 -0.19148 
0.111375 -0.354923 -0.454985 
0.158919 -0.513925 0.0882272 
===in_channel===
0.386055 0.144519 -0.00954524 
0.375637 -0.00344599 -0.339264 
0.0307802 -0.381913 0.241248 
===in_channel===
0.548765 0.251269 -0.206673 
0.511529 -0.384214 -0.51372 
-0.00644266 -0.544416 0.119799 
===in_channel===
0.265261 0.238948 -0.446134 
0.37001 -0.368134 -0.694713 
0.330324 -0.238773 -0.10846 
===in_channel===
0.236019 0.46764 -0.0538882 
0.606018 0.402341 -0.278097 
0.451962 -0.128224 -0.9112 
===in_channel===
-0.195281 0.741773 0.125832 
0.311847 0.405967 -0.224306 
0.112185 -0.136852 -0.73706 
===in_channel===
0.0126116 0.381492 -0.0796826 
0.549672 0.0257923 -0.488226 
0.154532 -0.626413 -0.231667 
===in_channel===
-0.301074 -0.22531 -0.0186712 
-0.259538 -0.235147 -0.0167708 
-0.30029 -0.498672 -0.201912 
===in_channel===
0.510947 -0.170791 -0.614684 
0.224324 -0.595767 0.0258844 
-0.387492 -0.358176 0.346769 
===in_channel===
0.820714 -0.662535 0.639807 
0.435825 -0.174364 0.597788 
-0.365123 -0.305253 0.690292 
===in_channel===
0.330988 -0.446315 0.0178706 
-0.274162 -0.478367 0.639857 
-0.438643 -0.556811 0.402989 
===in_channel===
-0.251975 0.352111 0.188308 
0.0868744 0.0639033 0.167865 
0.108382 -0.400972 -0.432296 
===in_channel===
-0.171897 0.007804 -0.112556 
-0.305386 -0.0695753 0.228926 
-0.553116 -0.696897 -0.0127437 
===in_channel===
0.430269 -0.360971 -0.214024 
0.105777 -0.620824 -0.0337362 
-0.328027 -0.495911 0.558147 
===in_channel===
0.0685559 0.323683 -0.000392106 
0.333419 0.0222831 -0.324638 
0.250903 -0.352244 -0.192813 
===in_channel===
0.591445 -0.361162 -0.110795 
0.414813 -0.770412 0.655574 
-0.456037 -0.521763 0.715748 
===in_channel===
0.347518 -0.151927 -0.236229 
0.319845 -0.761957 -0.0330147 
-0.221685 -0.495226 0.279637 
===in_channel===
0.269672 -0.0128188 -0.270448 
-0.365463 -0.183862 0.135378 
0.0747946 -0.661171 0.605568 
===in_channel===
-0.113386 0.580817 -0.0233639 
0.41582 0.155812 -0.511797 
0.0517964 -0.351416 -0.701456 
===in_channel===
0.371311 0.130777 -0.5241 
0.125382 -0.291839 -0.786928 
0.327057 -0.459404 -0.101612 
===in_channel===
-0.159647 0.724875 -0.0159371 
0.415631 0.00644092 -0.422403 
0.310088 0.133595 -0.810793 
===in_channel===
-0.245077 0.646891 0.532231 
0.65781 0.603068 -0.110467 
0.418934 0.336157 -0.444439 
===in_channel===
-0.41703 -0.255471 -0.286753 
-0.128885 0.0960376 -0.611231 
0.142583 -0.117174 -0.0674694 
===in_channel===
-0.156618 -0.238564 -0.070797 
-0.095653 -0.445928 -0.036874 
-0.472086 0.195638 0.647822 
===in_channel===
0.617888 -0.276004 -0.268809 
0.0967358 -0.738539 0.21046 
-0.311925 -0.645406 0.76708 
===in_channel===
-0.134613 0.336342 0.0802321 
0.258793 0.129948 -0.126998 
0.423438 -0.337144 -0.659486 
===in_channel===
0.304277 0.283569 -0.479576 
0.13361 0.375963 -0.313733 
0.27276 0.196414 -0.177028 
===in_channel===
-0.175478 -0.417798 -0.267578 
-0.029457 -0.543317 -0.302554 
-0.315738 -0.28212 0.337257 
===in_channel===
0.177326 0.629621 -0.208545 
0.422918 0.247162 -1.06544 
0.24992 -0.167565 -0.413679 
===in_channel===
===out_channel===
-0.391517 0.185648 0.626212 
-0.153019 0.527001 0.345122 
-0.556755 0.325613 -0.0637267 
===in_channel===
-0.0494451 -0.634315 -0.175422 
-0.435431 -0.485159 -0.54615 
-0.185005 -0.191725 -0.303231 
===in_channel===
-0.2393 0.291688 0.0894154 
-0.362634 -0.159397 0.00551965 
-0.354341 0.00683024 0.0588029 
===in_channel===
-0.328008 0.218615 0.447482 
-0.333726 0.200372 -0.0366192 
-0.253441 0.417887 0.015544 
===in_channel===
-0.352054 0.156708 -0.0292311 
-0.479794 0.172323 0.195575 
-0.0775936 0.276543 -0.0906794 
===in_channel===
-0.264256 -0.00994415 0.197132 
-0.326421 0.305883 0.361147 
-0.498011 0.383103 -0.0374072 
===in_channel===
-0.426952 0.365938 0.280688 
-0.543103 0.0171011 0.291778 
-0.554508 0.34388 0.197503 
===in_channel===
-0.287008 -0.600463 0.215537 
-0.553333 -0.257509 0.213441 
-0.225135 -0.178588 0.0439733 
===in_channel===
0.245229 -0.501746 0.110313 
-0.503009 -0.305503 0.371954 
-0.337383 -0.194056 0.16635 
===in_channel===
-0.261487 0.106271 -0.0140939 
-0.477407 0.42354 0.322202 
-0.430486 0.145043 -0.0819342 
===in_channel===
0.101292 -0.785973 -0.734088 
-0.425368 -0.634984 -0.418353 
0.0862728 0.0593128 -0.284499 
===in_channel===
-0.291489 0.244138 0.140587 
-0.137037 0.0226219 -0.193023 
-0.128409 0.350976 -0.338387 
===in_channel===
0.508208 0.559542 0.140876 
0.631484 0.659573 -0.0560115 
0.381976 0.0566776 -0.523815 
===in_channel===
-0.117013 -0.198195 0.0679816 
0.528702 0.0817805 -0.174039 
0.661782 0.158593 0.189367 
===in_channel===
-0.0692605 -0.532836 -0.728804 
-0.383079 -0.633815 -0.690955 
-0.0830134 -0.416666 0.0137973 
===in_channel===
-0.170959 -0.393992 -0.408172 
-0.517222 -0.263063 -0.266163 
0.182824 0.491102 0.0226762 
===in_channel===
-0.421781 0.248998 0.0286248 
0.00825305 0.341428 -0.00641273 
-0.230329 0.240234 0.246991 
===in_channel===
-0.266933 -0.75521 -0.297065 
-0.746085 -0.762951 -0.153974 
-0.0590552 -0.457248 -0.114712 
===in_channel===
0.164896 0.42342 0.237346 
0.0330352 0.085345 -0.199616 
0.25872 -0.0242285 -0.393628 
===in_channel===
-0.612409 0.343329 0.282777 
-0.286268 0.457493 -0.11869 
-0.153701 0.223657 -0.19553 
===in_channel===
0.014318 -0.281035 -0.0952983 
0.207058 0.0738756 -0.21836 
0.0689229 0.166493 0.212398 
===in_channel===
-0.11631 -0.167673 0.0935123 
-0.53048 -0.00280807 0.498307 
-0.569343 0.312007 0.491679 
===in_channel===
-0.539335 -0.120328 0.439376 
-0.670099 0.123839 0.25126 
-0.638816 0.0560099 -0.100725 
===in_channel===
0.0536683 -0.300325 0.162004 
-0.801833 0.505946 0.283011 
-0.404063 0.321523 0.30264 
===in_channel===
0.0522731 -0.304321 0.101595 
-0.234188 -0.493575 0.138973 
0.00193841 -0.151276 0.194798 
===in_channel===
-0.506733 -0.0707292 -0.296076 
-0.623237 -0.156244 -0.0152053 
-0.217288 -0.150437 0.276551 
===in_channel===
-0.00322067 0.0818313 -0.215406 
-0.202348 -0.578872 -0.274427 
-0.186958 -0.323643 -0.167352 
===in_channel===
-0.159942 0.314806 0.0580627 
-0.187586 0.514738 -0.113982 
0.291774 0.163608 0.168614 
===in_channel===
0.0558323 -0.418817 -0.568999 
-0.25678 -0.66606 -0.492437 
0.0879298 -0.476395 -0.446327 
===in_channel===
-0.320919 -0.399583 0.392676 
-0.267628 -0.0575947 0.135765 
0.12968 0.242307 0.619391 
===in_channel===
-0.482687 0.179095 0.00602798 
-0.399357 -0.513845 -0.427141 
-0.174391 -0.300186 -0.348566 
===in_channel===
-0.28516 0.00435775 0.382855 
-0.925063 0.466106 0.370895 
-0.633711 0.105477 0.247886 
===in_channel===
===out_channel===
0.0281437 -0.258594 0.167434 
0.432801 -0.344695 -0.256624 
0.294973 0.0845806 0.528933 
===in_channel===
-0.158585 0.2023 -0.130963 
-0.316923 -0.153217 -0.319762 
-0.367669 -0.441201 -0.443101 
===in_channel===
0.496776 -0.428386 0.210354 
0.252462 -0.000842051 -0.0678059 
0.074914 -0.362837 -0.224995 
===in_channel===
0.291002 -0.336912 0.206643 
-0.117178 -0.184675 0.4064 
0.10447 -0.24567 0.355107 
===in_channel===
-0.0694556 0.239443 0.371187 
0.0809756 -0.489689 -0.0775102 
-0.0854594 -0.125931 0.423024 
===in_channel===
-0.345478 0.261346 0.101887 
0.265385 -0.560212 0.295974 
0.192294 -0.310086 0.361506 
===in_channel===
0.161511 -0.285794 -0.0833758 
0.400074 -0.562839 0.0478321 
0.100668 -0.363286 0.328646 
===in_channel===
-0.141343 -0.430146 0.000612399 
0.330964 -0.149738 -0.216184 
0.144731 -0.348089 -0.331537 
===in_channel===
-0.21066 -0.593626 0.285587 
0.495161 0.107776 -0.317837 
0.390629 -0.429793 0.190068 
===in_channel===
0.0397129 -0.125327 0.290466 
0.453477 -0.455925 0.179315 
0.0917886 -0.19135 0.198598 
===in_channel===
0.149104 0.483677 -0.272373 
-0.194589 -0.364392 -0.409202 
-0.323061 -0.701911 -0.867444 
===in_channel===
-0.00040819 -0.105731 -0.0216821 
-0.512831 -0.229757 0.26892 
-0.18425 -0.0169994 0.303602 
===in_channel===
0.0718626 -0.338436 0.437937 
-0.00498638 0.320475 0.525404 
0.0570678 0.475075 0.40685 
===in_channel===
0.074262 0.365363 0.176119 
-0.343559 -0.277396 0.257729 
-0.240563 0.167961 0.0712971 
===in_channel===
0.0606053 0.383989 -0.145218 
-0.539358 -0.128863 -0.265335 
-0.277262 -0.483761 -0.778447 
===in_channel===
0.224447 0.535004 -0.0944966 
-0.40452 0.0157765 0.256507 
-0.023029 -0.536286 -0.616696 
===in_channel===
0.00120946 0.0470501 0.286749 
-0.307006 -0.20109 0.232682 
-0.176841 0.138872 0.540766 
===in_channel===
-0.242055 0.410029 0.0287309 
-0.263177 -0.0841062 -0.627028 
-0.336368 -0.683131 -0.494046 
===in_channel===
0.0440247 -0.205947 0.107371 
-0.444394 -0.180259 0.366398 
-0.349302 0.0962017 0.114932 
===in_channel===
0.0072746 -0.193742 0.0927588 
0.282317 -0.348787 0.450199 
-0.00118918 -0.27851 0.0234048 
===in_channel===
-0.323505 -0.111608 0.2613 
-0.398713 -0.0954265 -0.102108 
-0.448921 0.191046 0.188309 
===in_channel===
0.193033 -0.337224 0.151333 
0.561659 -0.229032 -0.211128 
0.528938 -0.26677 -0.0253502 
===in_channel===
0.139262 -0.289516 0.106071 
0.0771916 -0.580843 0.0448412 
0.352988 -0.217196 0.37435 
===in_channel===
0.311417 -0.559429 0.164011 
0.651429 -0.0447714 -0.341451 
0.412343 -0.423133 -0.1499 
===in_channel===
-0.194542 -0.200113 -0.0820412 
0.092039 -0.117496 -0.48279 
0.573162 -0.100201 -0.0200345 
===in_channel===
0.348141 -0.690572 -0.280923 
0.388721 -0.121502 -0.158534 
0.299936 -0.252005 -0.596364 
===in_channel===
0.557504 -0.471451 0.0896514 
-0.23654 -0.0196068 -0.0188893 
-0.267829 0.0657991 -0.329006 
===in_channel===
-0.24409 0.174985 0.438983 
-0.12999 0.169231 0.450873 
-0.543371 0.214629 0.336662 
===in_channel===
-0.0466168 0.289244 0.348855 
-0.185077 0.0691022 -0.607809 
-0.298104 -0.463481 -0.782171 
===in_channel===
0.107125 -0.433145 0.0519985 
0.156856 0.438819 -0.415699 
0.469395 -0.542527 -0.118625 
===in_channel===
0.301972 -0.259004 -0.175565 
-0.213113 -0.543083 0.102028 
-0.315675 -0.275189 -0.269563 
===in_channel===
0.356223 -0.206039 0.132867 
0.467145 -0.48454 -0.284362 
0.465692 -0.798215 0.0542476 
===in_channel===
===out_channel===
0.031401 -0.439632 -0.307166 
0.0601454 0.292763 -0.417401 
-0.0896456 0.356784 0.0743362 
===in_channel===
0.203654 0.152212 0.0918898 
-0.00546195 -0.423577 0.232666 
-0.191956 -0.0971378 -0.0618488 
===in_channel===
0.480718 -0.0913929 -0.0382628 
-0.37682 0.215893 -0.452209 
0.2052 0.116925 -0.158831 
===in_channel===
0.400998 -0.0684873 0.0597333 
-0.170861 -0.248205 0.00791367 
-0.109753 0.0220269 0.00226701 
===in_channel===
-0.331536 -0.312445 0.35787 
0.231478 -0.189724 0.00714195 
-0.135097 0.118023 0.0715105 
===in_channel===
-0.398758 0.0249019 0.42374 
0.30994 -0.434235 0.0497024 
0.00439608 0.0401173 -0.170199 
===in_channel===
-0.14706 -0.0271552 0.187361 
0.333437 0.0151897 -0.181553 
-0.271815 -0.0444722 -0.177747 
===in_channel===
-0.317614 -0.0943722 -0.512415 
0.123135 0.212685 -0.345038 
0.021824 -0.103113 0.17628 
===in_channel===
-0.11312 0.133156 -0.341652 
-0.132685 0.213411 -0.0847291 
0.219177 0.00814644 0.075572 
===in_channel===
-0.0517161 -0.0176483 0.323979 
0.496463 0.0878065 0.102941 
-0.286652 0.110748 -0.00622392 
===in_channel===
-0.187776 0.0293266 -0.0996193 
-0.0992402 -0.276328 0.219608 
-0.154781 -0.209704 0.00370909 
===in_channel===
0.0192878 -0.0387663 0.119482 
0.170545 -0.252714 -0.0341865 
0.508556 0.0698345 -0.126294 
===in_channel===
-0.252307 -0.282176 0.12836 
-0.0330101 -0.398304 0.382853 
0.0174932 0.103492 -0.0536073 
===in_channel===
-0.0744999 -0.0172604 0.272069 
0.286186 -0.12628 0.544226 
0.31531 0.120741 0.263732 
===in_channel===
0.0737541 0.285264 0.0365172 
-0.053883 -0.25934 -0.200792 
0.267788 -0.349536 -0.101119 
===in_channel===
-0.0667273 0.118579 -0.20605 
-0.35375 -0.616987 0.466155 
0.188945 -0.0928912 0.54265 
===in_channel===
-0.161181 -0.420178 0.218016 
0.326423 -0.532841 0.346791 
0.194413 -0.127209 -0.105681 
===in_channel===
0.261065 -0.198245 -0.204512 
-0.19495 -0.361941 -0.352405 
-0.236507 -0.349047 0.137468 
===in_channel===
-0.198723 0.128717 -0.0561049 
0.0354214 -0.339655 0.307096 
0.458353 -0.151099 0.277122 
===in_channel===
0.334388 -0.354403 -0.0818912 
0.140211 -0.309728 0.136925 
0.0587503 0.114018 -0.302122 
===in_channel===
-0.047954 -0.246018 0.547673 
0.412118 -0.078535 0.123622 
0.120369 -0.158485 -0.194546 
===in_channel===
0.227371 -0.119753 -0.0541127 
-0.100888 0.482998 -0.661593 
0.168667 0.0362847 -0.0831605 
===in_channel===
-0.259773 -0.270692 0.21091 
0.362246 8.02279e-05 -0.206901 
0.0406919 0.127123 -0.0435502 
===in_channel===
-0.0326054 -0.0385289 -0.489677 
0.147044 0.239108 -0.354006 
0.15908 0.0386724 -0.224818 
===in_channel===
-0.226077 -0.091391 -0.673397 
0.0445241 -0.0416435 -0.550854 
0.229711 -0.174639 -0.103481 
===in_channel===
0.271899 -0.277402 -0.370358 
-0.108499 0.324199 -0.259364 
-0.231935 0.269204 0.0120967 
===in_channel===
0.631578 -0.34954 -0.932964 
-0.466329 -0.268706 -0.519293 
-0.334577 0.0518642 -0.306913 
===in_channel===
-0.413977 -0.144481 0.353204 
0.5579 -0.346627 0.139562 
0.0992401 -0.0260032 0.0765287 
===in_channel===
0.424002 0.412236 -0.279612 
0.115391 -0.400576 -0.321002 
-0.00790998 -0.0159039 -0.146806 
===in_channel===
0.0758048 -0.0686579 -0.639133 
0.274422 0.636649 -0.382747 
0.131902 0.100882 0.0835586 
===in_channel===
0.367541 -0.190167 -0.958895 
-0.0279707 0.0550136 -0.563173 
-0.211007 0.00515837 -0.0719341 
===in_channel===
0.0234031 -0.428608 -0.0535583 
0.194994 0.247653 -0.518061 
-0.297328 -0.066032 0.0288059 
===in_channel===
===out_channel===
0.0987011 -0.326575 -0.0534888 
-0.383323 -0.0230081 0.237067 
-0.280181 -0.193511 -0.71705 
===in_channel===
0.176674 0.434014 0.221408 
-0.011864 0.330058 0.591143 
-0.729706 -0.348995 -0.169209 
===in_channel===
0.0690893 0.377839 0.482374 
0.164913 0.147622 -0.286594 
0.480271 0.265449 -0.00607348 
===in_channel===
0.195058 -0.0646201 0.533772 
-0.343629 -0.59871 -0.268344 
0.348745 0.197576 -0.338971 
===in_channel===
0.240075 0.187674 -0.00278601 
-0.0738784 0.291958 0.412579 
-0.412552 -0.731853 -0.45583 
===in_channel===
-0.072463 0.259928 0.432225 
-0.275359 0.316543 0.282416 
-0.177865 -0.496472 -0.501578 
===in_channel===
0.19234 0.357072 0.103933 
-0.374364 -0.385299 -0.173984 
0.356733 -0.189153 -0.704324 
===in_channel===
0.271485 -0.22738 0.127185 
-0.15173 0.323848 0.128233 
0.00867243 -0.367664 -0.39904 
===in_channel===
0.130342 0.207916 -0.163997 
-0.125181 -0.134986 0.140547 
-0.14887 -0.197382 -0.214449 
===in_channel===
0.296646 0.280359 0.379344 
0.000897819 0.0497962 0.349608 
-0.166823 -0.65424 -0.51163 
===in_channel===
0.328287 0.336034 0.347867 
0.37721 0.673156 0.706368 
0.193251 0.143864 0.498623 
===in_channel===
-0.09987 0.15768 0.435377 
-0.160999 -0.180603 -0.37413 
0.326555 0.0561947 -0.165173 
===in_channel===
-0.10212 0.201884 0.183663 
-0.530986 -0.519463 -0.233249 
-0.328105 -0.547268 -0.41965 
===in_channel===
0.0832543 0.176821 0.328249 
0.239673 0.355393 0.56864 
-0.490484 -0.14066 -0.0927501 
===in_channel===
0.549296 -0.0482218 0.123474 
0.123168 0.567389 0.594738 
-0.264774 -0.254731 0.459819 
===in_channel===
0.343444 0.558667 0.191828 
0.422039 0.800688 0.106214 
0.118282 -0.0472491 0.473592 
===in_channel===
-0.140862 -0.0140157 0.267998 
-0.383037 -0.111424 -0.0188286 
0.256831 -0.587972 -0.336706 
===in_channel===
0.290286 -0.101749 -0.00209811 
0.033097 0.528857 0.35529 
-0.54611 -0.244382 -0.0690542 
===in_channel===
0.124531 0.169855 0.46589 
-0.426185 -0.119196 0.0567001 
-0.176675 -0.102524 -0.212092 
===in_channel===
0.124204 0.372098 0.316743 
-0.418142 -0.30327 -0.375678 
0.543572 0.0598823 -0.470215 
===in_channel===
0.220315 0.29378 0.17378 
-0.131276 0.503843 0.563566 
-0.466066 -0.796225 -0.246841 
===in_channel===
0.412456 0.13753 0.348205 
-0.18867 -0.279526 0.161528 
0.279487 -0.129334 -0.628786 
===in_channel===
0.326954 -0.0597344 0.150686 
-0.228223 0.211811 0.269377 
0.0473466 -0.617798 -0.469481 
===in_channel===
0.040846 0.191257 0.346562 
-0.290768 -0.122367 -0.220352 
0.260835 0.176948 -0.687346 
===in_channel===
0.299202 -0.0725083 0.104363 
-0.165245 0.170514 0.232719 
-0.511252 -0.637876 -0.0998607 
===in_channel===
0.235616 0.452865 0.457561 
-0.107935 -0.140205 0.00687936 
0.568211 0.0809951 -0.363634 
===in_channel===
0.133947 0.420742 0.208442 
-0.303162 -0.0858204 -0.00768865 
0.727919 -0.0186292 -0.150622 
===in_channel===
0.0159155 0.00741744 0.105321 
-0.422477 -0.0918505 -0.00132912 
-0.534482 -0.60402 -0.155006 
===in_channel===
0.498727 0.2418 0.285721 
0.319977 0.263031 0.282954 
-0.189662 -0.181981 0.0589758 
===in_channel===
0.168751 0.200249 0.24633 
-0.153039 -0.542214 -0.0183307 
0.484889 0.352109 -0.0803054 
===in_channel===
0.0274487 0.444443 0.703755 
-0.262105 -0.0584709 -0.355879 
0.576707 0.129683 -0.0230665 
===in_channel===
0.345573 0.105114 -0.0137167 
-0.291649 -0.149986 -0.0760045 
0.464211 0.152185 -0.584754 
===in_channel===
===out_channel===
-0.23968 -0.291335 -0.195873 
-0.713476 -0.675607 -0.59753 
-0.820172 -0.172028 -0.14706 
===in_channel===
-0.0117395 -0.345927 0.108445 
-0.0531376 -0.136681 -0.415051 
-0.07052 -0.201672 0.157709 
===in_channel===
-0.0316376 0.0719248 -0.181494 
-0.115891 -0.190224 0.121044 
-0.167077 -0.18382 0.273298 
===in_channel===
0.0100079 -0.0632701 -0.0646818 
-0.191731 0.22223 0.0224242 
-0.186968 0.000144729 0.206884 
===in_channel===
0.409208 0.12618 -0.266042 
0.126827 0.199876 -0.0548898 
0.0811974 0.162471 0.106717 
===in_channel===
0.427023 0.03796 -0.503503 
0.0483174 0.0706561 0.230801 
0.149016 0.237343 -0.0533468 
===in_channel===
0.0641428 0.3403 -0.267198 
0.068433 0.118519 0.167923 
-0.312686 0.248831 0.321609 
===in_channel===
-0.147756 -0.153177 0.173266 
-0.673914 -0.133498 -0.434187 
-0.38006 -0.0487541 -0.293141 
===in_channel===
0.221281 0.388759 -0.022388 
-0.73557 -0.19591 0.215276 
-0.485643 -0.354181 -0.183882 
===in_channel===
0.320505 0.191149 -0.0796781 
0.211084 0.278708 0.118989 
-0.312542 0.108286 0.22111 
===in_channel===
-0.10026 -0.0903291 0.2351 
0.139723 0.0820829 -0.1298 
0.136478 0.156088 0.192941 
===in_channel===
-0.0917135 0.111078 -0.364908 
0.0298241 -0.10385 -0.272619 
0.216884 -0.113737 -0.21069 
===in_channel===
-0.207442 -0.480854 -0.233891 
-0.308297 -0.477603 -0.559836 
-0.146648 -0.46456 -0.463213 
===in_channel===
0.312703 -0.3834 0.0885151 
0.377943 0.0317613 -0.375453 
-0.239475 -0.0297513 -0.11145 
===in_channel===
0.0955242 -0.347359 0.18782 
-0.0154151 0.0299275 -0.68715 
0.100592 -0.10153 -0.112709 
===in_channel===
-0.259996 -0.530956 0.0351254 
0.442261 0.452624 -0.431509 
-0.085237 -0.0613025 -0.0516759 
===in_channel===
0.184451 0.0319911 -0.0617054 
0.114959 0.259844 0.144064 
-0.0477711 -0.0140465 0.261937 
===in_channel===
-0.316255 -0.481573 0.0825089 
-0.00984274 -0.632733 -0.615087 
-0.166413 -0.151859 -0.209183 
===in_channel===
0.0723906 -0.170526 -0.371386 
-0.0359591 0.00667409 -0.31664 
-0.195655 -0.287092 -0.327752 
===in_channel===
-0.160453 -0.0507034 -0.392174 
0.12475 0.273694 0.0484141 
-0.0592219 0.00572478 -0.132858 
===in_channel===
0.160523 0.0704459 -0.481472 
0.0955716 0.594524 -0.141709 
-0.112446 -0.0468484 0.123772 
===in_channel===
-0.0895874 0.116766 0.00294598 
-0.199893 0.0559345 0.255428 
-0.460383 -0.178731 0.0234625 
===in_channel===
-0.087085 0.114366 -0.257089 
-0.00376203 0.458428 -0.145001 
-0.144915 0.0848895 0.318498 
===in_channel===
0.0335908 0.08075 -0.167634 
-0.308815 -0.0621352 0.400708 
-0.564946 0.0245334 0.18728 
===in_channel===
-0.597957 -0.587003 -0.125514 
-0.447945 -0.961832 -0.831563 
-0.534667 -0.322668 -0.475751 
===in_channel===
-0.210259 0.404126 0.112816 
-0.102235 -0.0731296 0.60304 
-0.644274 -0.0777026 -0.0638483 
===in_channel===
-0.38998 0.146423 -0.0884058 
-0.269925 -0.402053 0.0963582 
-0.264603 -0.711575 0.0207865 
===in_channel===
-0.0916346 0.29299 -0.422997 
0.348587 0.313897 -0.168316 
-0.138861 0.082598 -0.00417977 
===in_channel===
0.0566681 -0.550071 0.124435 
-0.0179817 -0.40278 -1.00366 
-0.377776 -0.0608746 -0.391636 
===in_channel===
-0.635866 0.508037 0.183201 
-0.324571 0.0827291 0.242429 
-0.336961 0.193333 0.0242112 
===in_channel===
-0.391728 -0.0297957 -0.111169 
-0.229116 -0.454128 -0.0201044 
-0.540972 -0.563331 -0.0737845 
===in_channel===
-0.0286863 0.140547 -0.223731 
-0.22261 0.0905645 0.353313 
-0.541776 0.0619501 0.0172823 
===in_channel===
===out_channel===
-0.519837 -0.48486 0.190249 
-0.13826 0.0161796 0.676809 
0.351524 0.310612 0.510749 
===in_channel===
-0.345821 -0.51201 -0.162946 
-0.162051 -0.0525131 0.154613 
0.243987 0.192262 -0.208769 
===in_channel===
-0.221615 -0.0030997 0.060706 
0.111213 0.0767541 -0.0171612 
-0.171428 0.19784 0.145071 
===in_channel===
-0.309473 0.233548 -0.152995 
-0.0289946 0.44653 0.208625 
0.140638 -0.0124477 -0.374888 
===in_channel===
-0.694544 0.0334493 0.173298 
-0.333543 -0.0313279 0.249854 
0.00808861 0.00529943 0.146054 
===in_channel===
-0.779322 -0.0886689 0.0991251 
0.0229332 0.280522 -0.091852 
0.340365 0.0220389 -0.143758 
===in_channel===
-0.566668 0.197986 0.195273 
-0.190303 0.441658 0.11214 
-0.146632 -0.10971 -0.263727 
===in_channel===
-0.058462 -0.657855 0.40206 
0.00178899 -0.0567886 0.702734 
0.0449643 0.664381 0.513763 
===in_channel===
-0.242134 -0.600464 -0.00250842 
-0.284265 -0.00538519 0.58459 
-0.310651 0.266002 0.343101 
===in_channel===
-0.627462 -0.29273 0.171569 
-0.225821 0.0862443 0.274403 
0.192172 0.270177 0.0877587 
===in_channel===
-0.204813 -0.155934 -0.537087 
-0.606155 -0.279178 -0.271926 
-0.403388 -0.3523 -0.156025 
===in_channel===
-0.348597 0.350536 0.268096 
0.179658 0.298036 0.0257826 
0.182264 0.0652731 -0.199004 
===in_channel===
-0.224715 0.40534 0.262201 
0.801215 0.579349 0.358446 
0.326966 0.0455387 -0.242484 
===in_channel===
-0.410339 -0.253798 0.142362 
0.0547969 -0.0702524 -0.241464 
-0.0146459 -0.195024 -0.474607 
===in_channel===
-0.450931 -0.171246 -0.453196 
-0.449065 -0.221605 0.00289372 
-0.458311 0.203638 -0.251939 
===in_channel===
-0.311101 -0.0154177 -0.185322 
-0.39299 -0.806972 -0.253456 
-0.456664 -0.341874 -0.397474 
===in_channel===
-0.376593 0.307241 0.0663089 
0.182286 0.485636 -0.139942 
0.373818 -0.0250842 -0.616021 
===in_channel===
-0.328609 -0.474768 -0.352457 
-0.207007 -0.296534 0.291723 
-0.23934 -0.00454886 0.252622 
===in_channel===
-0.569898 0.401863 0.254946 
0.43146 0.543721 0.268881 
0.463411 0.0812514 -0.873476 
===in_channel===
-0.145695 0.0534931 0.245487 
0.208309 0.465618 -0.052324 
0.00354652 0.172094 -0.318553 
===in_channel===
-0.64827 -0.430184 -0.0752804 
-0.0599029 -0.0762586 -0.381461 
0.13317 -0.17592 -0.35587 
===in_channel===
-0.106698 -0.843988 -0.25748 
-0.534309 0.0244045 0.108823 
-0.336265 -0.0860521 -0.0226548 
===in_channel===
-0.657225 -0.393912 -0.103794 
-0.394719 0.196921 0.237088 
-0.0582124 0.345986 0.133893 
===in_channel===
-0.134713 -0.615423 0.200905 
-0.429094 0.0509572 0.133478 
-0.207441 0.189448 0.0128102 
===in_channel===
-0.230435 0.0528646 -0.0195218 
-0.0254966 -0.0619649 0.590487 
-0.158981 0.765714 0.512917 
===in_channel===
0.072926 -0.534514 -0.303992 
0.114753 -0.0840469 -0.169296 
-0.338891 -0.664308 -0.0492619 
===in_channel===
-0.213468 -0.00645933 0.0141571 
0.55755 0.138136 0.0132165 
0.0489835 -0.142386 -0.31756 
===in_channel===
-0.546269 0.036866 -0.0479517 
0.259647 0.269035 -0.209554 
0.399288 0.00671365 -0.652964 
===in_channel===
-0.199119 0.162168 -0.654081 
0.154184 -0.319254 -0.196993 
-0.551294 0.332768 -0.190391 
===in_channel===
0.158962 -0.434746 0.191067 
-0.220406 0.15199 0.547228 
-0.00632272 -0.237941 -0.246206 
===in_channel===
-0.379831 -0.094007 0.0854125 
0.101761 -0.0135779 0.143538 
0.18823 -0.211613 -0.524738 
===in_channel===
-0.329198 -0.67773 -0.0910688 
-0.373786 0.104424 0.300237 
-0.25102 0.406125 0.254026 
===in_channel===
===out_channel===
-0.35938 0.0570283 0.0428362 
-0.422404 -0.840835 -0.418609 
0.0706365 -0.178634 -0.766059 
===in_channel===
0.0741882 0.175368 0.238279 
-0.285054 -0.510409 -0.377545 
0.226738 -0.0742426 -0.442717 
===in_channel===
0.138654 -0.180141 -0.304404 
0.2548 0.00972633 0.434134 
0.549721 0.418186 0.195753 
===in_channel===
-0.55678 -0.689091 -0.336445 
0.556629 0.212716 -0.0138115 
0.27003 0.183364 0.706187 
===in_channel===
-0.104001 -0.277899 0.0978356 
-0.11096 -0.677226 -0.273134 
0.452183 -0.0310608 -0.0974752 
===in_channel===
-0.539569 -0.247155 -0.0164634 
-0.388686 -0.330528 -0.749416 
0.646379 0.410221 -0.0558644 
===in_channel===
-0.613653 -0.214882 -0.194951 
0.250848 -0.266548 -0.353609 
0.629543 0.47267 0.430164 
===in_channel===
-0.0795182 0.0972678 0.411715 
-0.363309 -0.72326 -0.487949 
0.162985 -0.173966 -0.386503 
===in_channel===
0.175131 -0.326758 -0.245105 
0.0836881 -0.272952 -0.136529 
0.587902 -0.125414 -0.179356 
===in_channel===
-0.48766 0.0893821 -0.18874 
-0.228634 -0.341278 -0.738234 
0.340309 0.465285 0.0739204 
===in_channel===
0.374934 0.370304 0.675995 
0.23211 0.436477 0.211445 
0.343882 0.262731 -0.158527 
===in_channel===
-0.331421 -0.252674 0.095702 
0.349133 -0.0621004 -0.0540064 
0.065407 0.240417 0.122344 
===in_channel===
-0.273727 -0.167103 0.0539178 
-0.239853 -0.552059 -0.349858 
0.133076 0.125567 -0.0124522 
===in_channel===
0.349811 0.405953 0.412861 
-0.479249 0.135865 -0.414706 
0.378814 -0.0712715 -0.295703 
===in_channel===
0.614691 0.483689 0.689596 
0.082305 0.178298 -0.122486 
0.346926 -0.148848 -0.338524 
===in_channel===
0.787424 0.485069 0.688075 
0.322304 1.12446 0.201957 
0.381 0.146776 -0.145389 
===in_channel===
-0.499678 -0.39856 0.0731038 
-0.203481 -0.404947 -0.549552 
0.211857 0.434139 0.439579 
===in_channel===
0.0479329 0.0401381 0.373648 
-0.277995 -0.139917 0.0746586 
0.364621 -0.263673 -0.590497 
===in_channel===
-0.252591 -0.101539 0.272688 
0.0634039 -0.0669081 -0.620366 
0.273143 0.291063 0.393793 
===in_channel===
-0.731573 -0.437128 0.00575358 
0.0933673 -0.196877 -0.403775 
0.393735 0.599096 0.576935 
===in_channel===
-0.272919 0.181895 0.225863 
-0.601688 -0.815346 -0.352346 
0.279504 0.296795 0.337811 
===in_channel===
-0.309786 -0.156772 -0.208832 
0.544458 -0.286917 -0.273145 
0.800344 0.334428 0.602227 
===in_channel===
-0.43216 -0.0463686 0.103026 
-0.274362 -0.633528 -0.581483 
0.589478 0.344952 0.246288 
===in_channel===
-0.0924757 -0.195802 0.0277993 
0.108159 -0.0382783 -0.462993 
0.307122 0.187436 -0.00831459 
===in_channel===
0.138452 -0.30061 -0.00780305 
-0.572945 -0.482335 -0.35047 
0.0490324 -0.306532 -0.686589 
===in_channel===
0.164902 -0.704216 -0.464234 
0.833283 0.0198871 -0.0981115 
0.674999 0.468084 0.91529 
===in_channel===
-0.0222744 -0.347461 -0.511122 
0.60071 0.282515 0.118722 
0.461807 0.484514 0.746951 
===in_channel===
-0.438921 0.0108421 0.08217 
-0.241498 -0.30558 -0.653738 
0.275998 0.224084 -0.0476011 
===in_channel===
0.561906 0.297539 0.702009 
-0.439563 0.0542929 0.0510978 
0.224244 0.204045 -0.515302 
===in_channel===
-0.102084 -0.00752937 -0.0599114 
0.0945819 -0.289953 -0.104782 
0.114388 0.423463 0.449992 
===in_channel===
-0.0625875 -0.379558 -0.261451 
0.882001 0.429713 -0.0859499 
0.292059 0.74351 0.530111 
===in_channel===
-0.316087 -0.538987 -0.140972 
0.584298 -0.226868 -0.167446 
0.666618 0.53354 0.312546 
===in_channel===
===out_channel===
0.0765505 0.409667 -0.403422 
0.579164 0.137649 -0.15646 
0.000710516 -0.457792 -0.142409 
===in_channel===
0.0456056 0.0431956 -0.242963 
0.378567 0.0635016 -0.265339 
0.0396952 0.100096 -0.484134 
===in_channel===
-0.196537 0.31571 0.0825647 
-0.00826304 0.248921 -0.426069 
0.0350115 0.22483 0.413972 
===in_channel===
0.33503 0.0934644 -0.275946 
-0.00672475 -0.269832 -0.204598 
-0.159979 -0.215574 0.279613 
===in_channel===
0.0241471 0.434934 -0.571506 
0.304343 -0.216306 -0.300252 
-0.251147 -0.156603 0.0170003 
===in_channel===
0.119297 0.127362 -0.302823 
0.174104 -0.242259 -0.118451 
-0.159133 -0.223468 0.233782 
===in_channel===
-0.0561165 0.112828 -0.344291 
0.309936 -0.217516 -0.375517 
-0.265352 -0.375811 0.225437 
===in_channel===
-0.375827 0.549543 -0.398234 
0.321521 0.294959 -0.404504 
0.0381356 -0.028814 -0.189554 
===in_channel===
-0.252456 0.611149 -0.233157 
0.0338882 0.531658 -0.409869 
-0.189568 0.132465 -0.186609 
===in_channel===
0.233074 0.4491 -0.534275 
0.41334 -0.227876 -0.353167 
-0.256314 -0.360486 -0.0637112 
===in_channel===
-0.179274 0.101631 -0.229399 
-0.0395592 -0.0991521 0.145108 
0.200346 0.0852956 -0.169177 
===in_channel===
0.608207 -0.0943302 -0.181643 
0.537691 -0.393979 0.179142 
0.111048 -0.11841 0.36546 
===in_channel===
0.852687 -0.214455 0.261327 
0.651612 -0.0351651 0.319119 
-0.198956 -0.253565 0.643103 
===in_channel===
0.551972 -0.0465014 0.120677 
0.357224 -0.459264 0.209226 
-0.423662 0.103854 -0.14906 
===in_channel===
-0.0233762 -0.0596337 -0.26579 
-0.141335 0.272577 0.050886 
0.543017 -0.0536648 -0.231397 
===in_channel===
-0.00813667 -0.00258219 -0.0328652 
0.0896175 0.0667996 0.306669 
-0.0110225 0.0559495 -0.304328 
===in_channel===
0.227944 0.0601072 -0.462502 
-0.0596257 -0.648148 0.194787 
-0.0862448 0.0875381 0.506863 
===in_channel===
-0.0791492 0.0848243 -0.549026 
0.248864 0.225947 -0.194046 
0.0853669 -0.0570419 -0.373258 
===in_channel===
0.806378 -0.434069 -0.061758 
0.30809 -0.63588 0.0588325 
-0.221865 -0.123173 0.132458 
===in_channel===
0.029224 -0.123767 -0.155948 
0.221453 -0.571498 0.142532 
-0.308593 -0.325189 0.402123 
===in_channel===
0.385194 -0.10399 -0.614988 
-0.0230747 -0.147918 -0.0894855 
0.054225 -0.394268 -0.230806 
===in_channel===
-0.582253 0.671409 -0.151554 
-0.077095 0.125153 -0.169151 
0.235298 0.00613117 -0.140867 
===in_channel===
0.104995 0.237416 -0.641456 
0.451141 -0.0503519 -0.279362 
-0.0597705 -0.360991 -0.0551728 
===in_channel===
-0.572197 0.560703 0.0148511 
0.310443 0.291848 -0.149921 
0.140127 -0.291035 -0.552157 
===in_channel===
-0.297368 0.680322 0.113333 
0.164314 0.425808 -0.466372 
0.546152 -0.195655 -0.404455 
===in_channel===
-0.27542 0.242421 0.0208271 
0.0723087 -0.23455 -0.382603 
-0.224985 -0.0525085 0.382716 
===in_channel===
-0.122396 -0.169747 -0.04927 
0.0116662 -0.0708024 0.131426 
0.267447 -0.028976 0.560008 
===in_channel===
0.724095 -0.372296 -0.401657 
0.420918 -0.445447 0.239369 
-0.201287 -0.130515 0.375205 
===in_channel===
-0.351205 0.307508 0.0118025 
-0.0606275 0.384703 -0.051678 
0.478121 0.144404 -0.280044 
===in_channel===
-0.256294 0.465255 -0.306697 
0.5162 0.0686675 -0.249069 
0.139399 0.0170104 -0.507824 
===in_channel===
0.101492 -0.113566 -0.300196 
-0.289723 -0.427957 0.0231374 
-0.25575 -0.0506281 0.306784 
===in_channel===
-0.431388 0.58079 -0.110266 
0.349353 -0.0598089 -0.273548 
0.0568579 -0.242467 0.0521835 
===in_channel===
===out_channel===
0.365694 -0.0541612 -0.0120531 
0.201419 -0.0964605 0.237065 
-0.356136 0.0250827 0.542212 
===in_channel===
-0.291249 0.11368 -0.135948 
-0.0572813 -0.344455 -0.0626003 
-0.626154 -0.507505 -0.21712 
===in_channel===
-0.311476 -0.388237 0.141277 
-0.190215 -0.0377385 -0.0586641 
0.0929915 0.0498481 -0.0791557 
===in_channel===
-0.184451 -0.0673944 -0.173055 
-0.174224 0.281128 0.305434 
-0.090759 0.405046 -0.239803 
===in_channel===
-0.273125 -0.17552 0.00607864 
-0.467487 0.191881 0.30445 
-0.330442 0.33814 0.0845149 
===in_channel===
0.031662 0.176929 -0.13337 
-0.297943 0.0392006 -0.0650733 
0.0298565 -0.0310154 -0.00651375 
===in_channel===
-0.147191 -0.111744 0.126531 
-0.631167 0.116927 0.352465 
-0.135576 0.182922 -0.132784 
===in_channel===
-0.151019 -0.201489 0.369523 
0.167467 -0.763133 0.262373 
-0.552309 -0.238053 0.236193 
===in_channel===
0.107127 -0.468335 0.357577 
0.0343988 -0.238001 0.21697 
-0.355309 -0.0347136 0.193449 
===in_channel===
0.0682076 0.0752142 0.175651 
-0.237664 0.176985 -0.184475 
-0.372792 -0.142147 -0.0552801 
===in_channel===
-0.17284 -0.25847 -0.425145 
-0.0762273 -0.293433 -0.12481 
-0.272504 -0.237517 -0.273504 
===in_channel===
-0.030034 0.0267878 -0.239446 
-0.252569 0.289524 0.177737 
-0.107149 0.432274 -0.31626 
===in_channel===
0.209422 0.0268362 0.0274572 
-0.199616 0.391204 0.324407 
0.665624 0.274396 -0.176319 
===in_channel===
-0.341404 0.142314 0.145193 
-0.408962 -0.279374 -0.482916 
0.227732 -0.0696329 -0.312666 
===in_channel===
-0.281924 0.0832175 -0.141749 
-0.0683636 -0.123186 -0.258771 
-0.420122 -0.441414 -0.233213 
===in_channel===
-0.290708 -0.316209 -0.486918 
-0.408603 -0.321428 -0.152287 
-0.639901 -0.166082 -0.378391 
===in_channel===
-0.34301 0.203393 -0.146417 
-0.350557 0.131237 0.26905 
0.0491082 -0.00782843 -0.287857 
===in_channel===
-0.113295 -0.142062 -0.288069 
-0.107212 -0.586794 -0.366236 
-0.642229 -0.311013 0.16547 
===in_channel===
0.0596227 -0.0582865 0.0993443 
-0.307915 0.39516 0.440163 
0.193224 0.255278 -0.506086 
===in_channel===
-0.0437525 -0.144807 0.0628895 
-0.232499 0.0508795 0.245547 
-0.0211869 0.398956 0.156371 
===in_channel===
-0.447373 -0.138655 -0.284956 
-0.167122 -0.0054174 -0.168267 
-0.239088 -0.14062 -0.0785892 
===in_channel===
0.0096335 -0.162724 -0.0510411 
-0.363314 -0.639158 -0.196108 
-0.425244 -0.0589146 0.0417188 
===in_channel===
-0.24181 -0.00565698 0.221028 
-0.430729 -0.00954281 0.257069 
-0.330395 0.324983 0.180963 
===in_channel===
0.257782 -0.243796 -0.058265 
-0.162956 -0.0568786 0.205928 
-0.484897 -0.0851018 0.308492 
===in_channel===
0.136124 0.0353847 -0.0969135 
0.376163 -0.0228448 0.386231 
-0.345201 -0.168414 0.411297 
===in_channel===
-0.105948 -0.367314 -0.323359 
-0.699733 -0.113186 0.028652 
0.116818 -0.497714 -0.0107734 
===in_channel===
-0.0351834 -0.344424 -0.120582 
-0.0977332 0.157406 0.127861 
0.342376 -0.0410073 -0.25995 
===in_channel===
-0.326132 0.195186 -0.0928984 
-0.483893 0.364958 0.3661 
0.305743 -0.00212971 -0.0715734 
===in_channel===
-0.0633411 -0.024168 -0.135952 
0.297596 -0.321555 -0.138595 
-0.347316 -0.866868 0.0201732 
===in_channel===
-0.0737736 -0.231983 0.211793 
-0.185683 -0.287574 0.163883 
-0.152566 0.272998 0.107539 
===in_channel===
0.0111053 -0.501685 -0.192382 
-0.141504 -0.0975807 0.106822 
0.152444 -0.0385923 -0.694349 
===in_channel===
-0.0611999 -0.150143 -0.181896 
-0.545599 -0.377745 0.218733 
-0.242634 0.24379 0.160507 
===in_channel===
===out_channel===
-0.285479 -0.412692 0.0976913 
-0.0399941 0.0356912 0.082354 
-0.199416 -0.315009 0.0856914 
===in_channel===
-0.967103 -0.693856 -0.047711 
0.653483 0.491192 0.402934 
0.642605 0.394591 0.581826 
===in_channel===
0.389873 -0.0452537 0.324055 
0.239246 0.319325 0.1334 
-0.333243 -0.2178 -0.192683 
===in_channel===
0.369505 0.232075 0.0915648 
0.368061 0.0963649 0.376778 
-0.267624 -0.620369 -0.532669 
===in_channel===
-0.476504 -0.408393 -0.655334 
0.402078 0.345516 -0.103798 
-0.0326451 0.335677 0.245271 
===in_channel===
-0.394641 -0.655846 -0.548546 
-0.00012315 0.167895 0.0879061 
0.222301 -0.0308721 0.259581 
===in_channel===
0.166099 0.0989302 0.008804 
0.111026 0.278411 0.330235 
-0.100755 -0.126172 -0.0517372 
===in_channel===
-0.469099 -0.198382 -0.0348452 
0.391596 -0.00565521 0.0744467 
-0.0491238 0.333758 0.382515 
===in_channel===
0.219409 -0.393148 -0.271368 
0.256078 -0.0365198 -0.17854 
-0.301239 0.0545463 -0.0407509 
===in_channel===
-0.419394 -0.515585 -0.447486 
0.307151 -0.0691707 -0.066937 
0.207203 -0.0409923 0.346147 
===in_channel===
-0.441742 0.415785 0.72171 
0.52344 0.523673 0.322125 
0.103366 0.182434 0.684922 
===in_channel===
-0.11212 0.281595 0.0467963 
0.414081 -0.231818 0.256395 
-0.253323 -0.50991 -0.392652 
===in_channel===
0.239957 0.0878315 -0.10713 
0.110093 -0.202852 -0.148407 
-0.492999 -0.529678 -0.279006 
===in_channel===
-0.601071 -0.42429 -0.144603 
0.0863082 0.213841 -0.220253 
0.2106 0.322906 0.409054 
===in_channel===
-0.632217 -0.245829 0.259313 
0.423484 0.609361 0.383293 
0.574765 0.281164 0.738652 
===in_channel===
-0.217589 0.0748735 0.588158 
0.2747 0.265997 0.434616 
0.370645 0.190324 0.40995 
===in_channel===
0.107419 -0.224101 -0.247202 
0.0209099 -0.0841856 0.190571 
-0.365633 -0.270226 0.0597224 
===in_channel===
-0.671873 -0.440717 0.244208 
0.582975 0.507699 0.439901 
0.477979 0.452509 0.663126 
===in_channel===
0.056415 0.0772426 -0.119503 
0.252545 0.0457887 0.172408 
-0.092211 -0.150199 -0.0605396 
===in_channel===
-0.0391578 0.184983 -0.138916 
0.22651 0.101324 0.442117 
-0.340099 -0.383292 -0.375283 
===in_channel===
-0.498071 -0.760095 -0.533872 
0.597821 0.526296 0.362621 
0.196749 0.368215 0.158997 
===in_channel===
0.0783033 0.0953479 -0.11138 
0.063813 0.203991 0.251715 
-0.288222 -0.188527 -0.311247 
===in_channel===
-0.0586255 -0.218356 -0.21399 
0.184486 0.259424 -0.046618 
-0.0715447 -0.0421594 -0.136354 
===in_channel===
-0.0586276 -0.226841 -0.370526 
-0.0511318 -0.135768 0.312146 
-0.214261 -0.151881 -0.143751 
===in_channel===
-0.153698 -0.422005 -0.311886 
0.766826 0.462359 -0.00608505 
0.0395428 -0.261291 0.251306 
===in_channel===
0.2792 0.389589 0.261286 
0.356532 0.224808 0.540441 
-0.415367 -0.646618 0.00348035 
===in_channel===
0.588414 0.524689 0.37979 
0.533859 0.329953 0.6847 
-0.636052 -0.3912 0.129185 
===in_channel===
-0.43323 -0.616198 -0.42819 
-0.141119 0.148506 0.0870392 
-0.1893 -0.325365 0.127862 
===in_channel===
-0.69752 -0.189487 0.201183 
0.72014 0.70914 0.0548539 
0.768617 0.260208 0.734215 
===in_channel===
-0.238999 0.107525 0.169616 
-0.0831279 -0.0993366 0.101069 
-0.132678 -0.165156 -0.105094 
===in_channel===
0.627393 0.295311 0.48371 
0.292622 0.817299 0.470254 
-0.142107 -0.549381 -0.41743 
===in_channel===
0.0928089 -0.0430447 -0.0124347 
0.147366 0.10095 -0.102924 
-0.516469 -0.251255 -0.356296 
===in_channel===
===out_channel===
-0.374005 -0.0254463 0.648017 
-0.176932 -0.165125 0.0656641 
0.16263 -0.134825 -0.170115 
===in_channel===
0.464667 0.27397 0.0287048 
-0.0612321 0.124126 -0.44195 
0.228168 -0.198297 -0.211569 
===in_channel===
-0.0743105 0.299536 0.0408598 
0.195168 0.146452 0.0982042 
0.177605 -0.352484 -0.374769 
===in_channel===
0.0354201 0.0216892 -0.110002 
0.0363948 -0.0533574 -0.39444 
0.024004 0.0464701 -0.179028 
===in_channel===
0.373737 0.409671 0.264159 
-0.00463091 -0.234895 -0.264366 
-0.178617 -0.126003 -0.435796 
===in_channel===
0.274773 0.422504 0.338758 
-0.282614 -0.137878 -0.47454 
0.189938 -0.236151 -0.423277 
===in_channel===
0.265103 0.0304965 -0.0030036 
-0.180404 -0.120253 -0.520495 
-0.0952489 -0.143956 -0.368857 
===in_channel===
0.0997386 0.101482 0.52778 
-0.269618 -0.0510187 -0.182397 
-0.113043 -0.0636954 -0.0650925 
===in_channel===
-0.149835 -0.0663396 0.0574632 
-0.338509 -0.219358 0.210635 
0.140984 0.0666425 0.122046 
===in_channel===
0.302396 0.489555 0.0649462 
-0.047156 -0.182818 -0.097751 
-0.0432953 0.0400312 -0.286284 
===in_channel===
0.476015 0.460637 0.0817476 
0.49217 0.207961 0.145176 
0.285654 0.042542 -0.330886 
===in_channel===
-0.194367 0.042241 0.0187921 
0.0392087 -0.0301711 -0.315401 
0.220109 -0.190597 0.147912 
===in_channel===
-0.415562 -0.240677 -0.358013 
-0.278204 0.0455345 -0.303508 
-0.137498 -0.295558 -0.283108 
===in_channel===
0.12519 0.192541 -0.0283979 
0.0946922 0.133292 -0.157088 
0.423424 -0.209961 -0.123841 
===in_channel===
0.488491 0.477418 0.0899344 
0.0181937 0.177085 0.282212 
-0.124968 0.188457 -0.196302 
===in_channel===
0.566374 0.175807 -0.173289 
0.200004 0.358028 -0.384148 
0.443626 -0.162875 0.141777 
===in_channel===
0.0179792 0.333094 0.0249428 
-0.0416394 0.101303 -0.348555 
0.139851 0.0237839 -0.428584 
===in_channel===
0.700336 0.62793 0.370657 
0.0484445 0.325558 0.175836 
-0.180541 0.012434 -0.341295 
===in_channel===
-0.320417 -0.230919 -0.259851 
-0.448344 0.114869 -0.530031 
0.129589 -0.304182 -0.0143876 
===in_channel===
-0.0920381 0.0804474 -0.0741169 
-0.0820939 -0.238599 -0.458584 
0.342717 -0.0168651 -0.184646 
===in_channel===
0.164649 0.579964 0.0658668 
-0.00488864 0.0827895 -0.14401 
0.178217 -0.180412 -0.331736 
===in_channel===
0.199391 -0.191982 -0.0104541 
-0.332707 -0.364323 0.255542 
0.467807 -0.177218 -0.335013 
===in_channel===
0.33688 0.43061 0.390757 
-0.442418 -0.392728 -0.0300108 
0.250342 0.203568 -0.0995645 
===in_channel===
0.259004 0.0905503 0.2009 
-0.202014 -0.40061 0.218619 
0.188547 -0.0557893 -0.216729 
===in_channel===
-0.308122 0.120333 0.328332 
-0.41801 0.0181594 0.278486 
-0.352346 -0.40315 0.248323 
===in_channel===
0.16687 -0.203164 -0.354448 
-0.110098 -0.247327 -0.0533238 
0.361708 -0.0989346 -0.313085 
===in_channel===
-0.395711 -0.52659 -0.235081 
0.335143 0.154568 0.0930955 
0.120353 0.066138 -0.168802 
===in_channel===
-0.101302 0.420745 -0.228329 
-0.341816 0.0330587 -0.193105 
0.05654 -0.153043 -0.276408 
===in_channel===
0.618202 0.777572 0.198718 
0.0998116 0.389504 0.0461434 
-0.00996858 -0.326325 0.150313 
===in_channel===
-0.29753 0.153844 0.386044 
-0.0367549 -0.115249 0.131543 
0.107982 0.571786 -0.166254 
===in_channel===
-0.0616662 -0.0782692 -0.31151 
0.276109 0.0712285 0.185499 
0.554237 0.0242299 -0.108236 
===in_channel===
0.106444 -0.135558 0.378575 
-0.31911 -0.164653 0.086121 
0.00553233 -0.0851399 -0.316403 
===in_channel===
===out_channel===
0.247393 -0.0323151 0.299752 
-0.294476 -0.0641325 -0.200006 
-0.12704 -0.102219 -0.577989 
===in_channel===
-0.00904801 0.0199599 0.131685 
0.17158 0.00399123 0.402597 
-0.051952 -0.11276 0.00364418 
===in_channel===
-0.353603 0.00657073 0.400843 
0.189596 -0.444299 -0.034158 
0.0428425 0.219393 0.54418 
===in_channel===
-0.316925 -0.319799 0.308913 
-0.452739 -0.456889 -0.172333 
0.248905 -0.0514243 -0.0273275 
===in_channel===
0.200629 0.34294 0.41043 
-0.171307 -0.0296991 0.474766 
-0.278861 -0.351871 -0.414088 
===in_channel===
0.289953 -0.139863 0.183865 
-0.371476 -0.117543 0.353911 
-0.245511 -0.367413 -0.406736 
===in_channel===
0.262815 -0.19114 0.0475952 
-0.210248 0.113353 0.288614 
0.0510826 0.00814297 -0.437472 
===in_channel===
0.00531955 0.200866 -0.0625067 
-0.0664631 0.0520805 0.15041 
0.0130957 -0.237848 -0.325645 
===in_channel===
-0.207744 0.368799 0.350053 
-0.168372 -0.353585 -0.235137 
-0.235257 -0.138392 -0.242148 
===in_channel===
0.19561 0.116099 0.362024 
-0.249017 -0.246193 0.275844 
0.0349931 -0.222121 -0.268365 
===in_channel===
-0.450974 -0.0830463 0.445787 
0.0850131 0.160965 0.545307 
0.59238 0.017615 0.447288 
===in_channel===
-0.0840613 -0.159572 -0.138854 
-0.139848 -0.0795713 -0.0463103 
0.234737 -0.269529 -0.149032 
===in_channel===
0.0126832 0.105288 0.403953 
-0.109129 -0.41171 -0.0989842 
0.0549412 -0.214461 -0.194504 
===in_channel===
-0.106339 0.182021 -0.0543073 
0.0684666 0.393474 0.457267 
-0.214984 -0.154265 -0.602258 
===in_channel===
-0.341393 0.114332 0.159779 
0.0464437 -0.114266 0.4515 
0.258854 0.180439 0.432785 
===in_channel===
-0.39581 0.299843 0.461354 
0.151684 0.369649 0.515797 
0.676534 0.215821 0.134994 
===in_channel===
0.16452 0.0116747 0.22016 
0.0457107 -0.307632 -0.0941155 
0.129551 -0.329743 -0.0801811 
===in_channel===
0.130957 -0.209363 0.0435825 
-0.176507 0.0470879 0.624567 
0.219384 -0.115673 0.181774 
===in_channel===
0.0843088 0.306109 0.00478517 
-0.214445 -0.161222 0.0534293 
-0.119703 -0.444788 -0.276825 
===in_channel===
-0.196273 -0.238671 -0.0217377 
-0.300889 -0.0536374 -0.152711 
0.047154 0.122269 -0.255427 
===in_channel===
0.362947 0.366293 0.00923096 
-0.0148953 0.159253 0.669846 
-0.206167 -0.0768971 -0.475284 
===in_channel===
-0.0423444 0.198187 0.137055 
-0.313736 0.118008 0.214817 
0.317866 -0.113386 -0.331935 
===in_channel===
0.263129 0.0247401 0.175936 
-0.23734 0.129711 0.436609 
-0.24812 -0.574366 -0.611102 
===in_channel===
0.162358 0.137618 0.148569 
-0.0458401 0.0379114 -0.137996 
0.16756 -0.308247 -0.286887 
===in_channel===
-0.045878 -0.17375 0.218651 
0.0411839 -0.191294 -0.0466137 
-0.178973 0.141196 0.153698 
===in_channel===
-0.496419 -0.132509 0.184295 
0.124281 -0.0407695 0.335463 
0.408087 0.267096 0.255698 
===in_channel===
-0.369784 -0.374221 0.0355926 
-0.129983 -0.293609 -0.014513 
0.495363 0.46285 0.746354 
===in_channel===
0.0181036 0.307134 0.309736 
0.292931 -0.247271 0.0957681 
-0.358599 -0.104452 -0.472823 
===in_channel===
-0.190935 0.00531706 0.154251 
-0.0508308 0.044411 0.387546 
0.0442553 0.324434 0.0114146 
===in_channel===
-0.067639 0.424098 0.453229 
-0.133818 -0.00323059 0.138883 
0.3747 0.505628 -0.79589 
===in_channel===
-0.188294 -0.355361 0.0213397 
-0.31994 0.0679402 0.0544891 
0.508509 0.0928833 0.503949 
===in_channel===
0.0126369 -0.184609 0.196351 
0.18115 -0.123057 -0.244253 
0.151048 -0.0356656 -0.349611 
===in_channel===
===out_channel===
0.189329 0.0651721 -0.0696314 
-0.223643 0.0587336 -0.296489 
-0.294604 0.0302866 0.0242253 
===in_channel===
-0.314583 -0.224538 -0.373548 
-0.0661976 0.47043 0.0759245 
0.3176 0.561253 0.491961 
===in_channel===
0.115755 0.307752 0.516756 
0.108549 -0.163968 -0.442553 
0.376057 0.213576 0.245329 
===in_channel===
0.0580035 -0.0964626 0.0242671 
0.0831434 0.125011 0.288041 
-0.462414 -0.408818 -0.555617 
===in_channel===
-0.109581 0.216011 -0.0421155 
-0.0783271 0.168276 -0.0292515 
-0.135618 -0.188515 0.259987 
===in_channel===
-0.214698 0.0960079 -0.19553 
-0.00346078 0.455416 0.383705 
0.0466135 0.0253132 -0.064509 
===in_channel===
0.107343 -0.029116 -0.279277 
-0.0709353 0.374422 0.569197 
-0.334876 -0.369405 -0.500161 
===in_channel===
0.150506 -0.396585 -0.101094 
-0.0943189 0.269385 -0.0312672 
0.120035 0.365334 0.0762765 
===in_channel===
0.176521 -0.00881396 -0.124684 
-0.173522 -0.0996849 0.0468955 
-0.286866 0.12144 -0.146116 
===in_channel===
-0.0958354 0.196949 -0.344011 
0.358604 0.0675646 0.101054 
0.119476 -0.233131 -0.0238666 
===in_channel===
-0.0437728 -0.260374 0.171122 
0.0958183 0.169856 0.248626 
0.373025 0.620908 0.277689 
===in_channel===
0.106819 -0.0555226 0.0274086 
0.14304 -0.0113356 0.32074 
-0.35838 -0.382428 -0.176457 
===in_channel===
-0.281136 -0.351112 0.303569 
-0.146014 0.073951 -0.130712 
-0.335544 -0.426077 -0.526025 
===in_channel===
0.286061 -0.329026 -0.30491 
0.273526 0.235016 0.122493 
-0.0415162 0.103311 -0.019146 
===in_channel===
-0.191864 -0.524105 -0.0857047 
0.0265336 0.075417 0.0701615 
0.17984 0.620364 0.30449 
===in_channel===
0.216481 -0.212273 0.382811 
0.0951535 -0.321398 -0.2049 
0.568639 0.506745 0.276902 
===in_channel===
0.0733878 0.189095 0.0562808 
0.0683499 0.442066 0.540954 
-0.513276 -0.428665 -0.442749 
===in_channel===
-0.393211 -0.736322 -0.370607 
0.0490768 0.133935 -0.0581057 
0.458431 0.698014 0.363193 
===in_channel===
-0.20017 -0.534965 -0.139418 
0.186531 -0.114569 0.356309 
-0.398733 -0.133863 -0.489675 
===in_channel===
0.244978 -0.0194406 -0.0473693 
0.193113 -0.0150843 0.50429 
-0.0682332 -0.390655 -0.452294 
===in_channel===
0.0930186 -0.147253 -0.390882 
0.52663 0.258175 0.311629 
-0.298385 -0.00219523 0.0733228 
===in_channel===
0.22202 -0.00209577 0.324394 
-0.0911463 0.35546 0.202059 
-0.412717 -0.401391 -0.518459 
===in_channel===
0.111619 0.224227 -0.528424 
0.291956 0.387342 0.383986 
-0.27664 0.0279696 -0.148796 
===in_channel===
0.0129947 -0.230143 -0.0423434 
0.0836545 0.00387452 -0.107026 
-0.0800595 -0.323736 -0.21076 
===in_channel===
-0.142001 -0.608196 -0.397244 
0.0645275 -0.400184 -0.205359 
0.183046 0.132761 -0.0910157 
===in_channel===
0.320435 0.223967 0.544161 
0.316437 0.193977 -0.0655282 
-0.505055 -0.194429 -0.635107 
===in_channel===
-0.227295 0.140734 0.316484 
-0.186484 0.290376 0.0814242 
-0.389308 -0.00873406 0.091837 
===in_channel===
0.0789388 -0.352418 -0.159517 
0.264089 0.0174906 0.472447 
-0.244247 -0.185548 -0.228481 
===in_channel===
-0.272652 -0.502091 -0.569913 
0.0899559 -0.148176 -0.208347 
0.463543 0.703624 0.790982 
===in_channel===
0.168987 -0.251583 0.283082 
0.166333 -0.0570325 -0.17973 
-0.358661 -0.495983 -0.512599 
===in_channel===
0.0978855 -0.0954279 0.0766844 
-0.065826 0.376302 0.324387 
-0.0258792 0.249428 -0.225895 
===in_channel===
0.244249 -0.0878905 -0.0223384 
0.0710876 0.0323594 -0.262836 
0.108485 -0.319872 -0.41496 
===in_channel===
===out_channel===
-0.345329 0.123167 -0.313605 
-0.751995 0.163366 0.0629441 
-0.0370892 -0.165822 -0.335584 
===in_channel===
0.0178718 0.0451344 -0.164262 
-0.219943 -0.499597 -0.286056 
-0.412291 -0.494071 0.185706 
===in_channel===
-0.0729431 0.034711 0.105596 
-0.0957426 0.0279924 -0.0342666 
-0.236699 0.243393 0.272626 
===in_channel===
0.214176 -0.143475 0.117784 
0.212449 0.154684 0.115104 
-0.231135 0.0560635 0.207772 
===in_channel===
-0.223936 0.203005 0.0757599 
0.208304 -0.0463729 0.264477 
0.221623 0.129456 0.184961 
===in_channel===
0.10398 -0.0773526 0.145364 
-0.0737823 0.0350468 0.301423 
-0.181231 -0.255439 -0.137957 
===in_channel===
-0.0765881 0.362047 0.026259 
-0.106463 -0.0415349 0.326405 
-0.179119 -0.00877836 0.0311698 
===in_channel===
0.0767656 0.117158 -0.149574 
-0.141635 0.0417078 -0.0470844 
-0.0317068 -0.430142 -0.4274 
===in_channel===
-0.384923 -0.00723185 -0.191951 
-0.210484 -0.177124 -0.388246 
-0.359914 0.0497564 -0.0471772 
===in_channel===
-0.264353 -0.0769642 -0.112864 
-0.117177 0.0911674 0.2976 
0.247294 -0.183047 0.175487 
===in_channel===
0.0728026 -0.099741 -0.465547 
-0.38031 -0.699661 -0.368725 
-0.23219 0.100195 -0.0352666 
===in_channel===
0.0871387 0.239579 0.072042 
-0.0316287 -0.0452718 -0.0507307 
0.098862 0.156365 0.0914417 
===in_channel===
0.0378213 -0.437321 0.040235 
-0.30885 -0.0405384 -0.24517 
-0.227458 -0.339178 -0.15177 
===in_channel===
0.296033 -0.193886 -0.160199 
0.209725 0.0783768 -0.0150172 
0.0304655 0.120167 0.0794516 
===in_channel===
0.12476 -0.421847 -0.0193703 
-0.228465 -0.473093 -0.554116 
-0.45305 -0.26387 0.103764 
===in_channel===
-0.215681 -0.0813373 -0.384994 
0.0111694 -0.296911 1.49167e-05 
-0.489632 0.611475 0.466691 
===in_channel===
-0.0211606 0.236768 0.165525 
0.269871 0.00208016 -0.0569509 
0.210398 -0.170504 0.107527 
===in_channel===
-0.0392193 -0.483254 0.0916043 
-0.357673 -0.55462 -0.219065 
0.0106875 -0.303385 0.140468 
===in_channel===
0.173951 -0.124123 -0.280189 
0.117373 -0.280012 -0.11096 
-0.0176367 -0.144704 -0.111147 
===in_channel===
0.0539333 0.249992 0.235653 
-0.076321 0.0392294 -0.0537298 
-0.179087 -0.0040363 -0.0924385 
===in_channel===
0.100899 -0.0705344 0.0280633 
0.187666 0.364356 0.338757 
-0.161454 -0.306937 0.27996 
===in_channel===
-0.231963 -0.153249 0.0923529 
-0.537743 0.202024 -0.0707024 
-0.179369 0.154395 0.209521 
===in_channel===
-0.0685696 0.0459864 0.103347 
-0.164239 0.143108 0.159835 
-0.270164 0.137887 -0.211746 
===in_channel===
-0.305376 -0.245771 -0.188019 
-0.344198 0.0612909 -0.117343 
-0.322703 0.157682 -0.037279 
===in_channel===
-0.0682169 -0.176023 -0.117376 
-0.328373 -0.275819 -0.348948 
-0.15857 -0.720443 -0.254418 
===in_channel===
0.022491 -0.27582 -0.349785 
-0.48259 -0.25549 -0.409906 
0.0535577 0.153246 0.503606 
===in_channel===
-0.036511 -0.523297 -0.203984 
-0.33224 -0.358897 -0.560631 
-0.188831 -0.506173 -0.146198 
===in_channel===
0.249069 0.137545 -0.22744 
-0.0825208 0.251335 0.0524601 
0.0774533 -0.11164 0.220113 
===in_channel===
0.0608319 -0.146913 -0.399582 
0.0652712 -0.725712 -0.794476 
-0.208132 -0.409694 -0.212835 
===in_channel===
-0.426641 -0.553902 -0.0120162 
-0.44714 -0.0849318 -0.0829953 
-0.619195 0.0477249 0.0783634 
===in_channel===
0.206919 -0.425961 -0.16437 
-0.126928 -0.566763 -0.360386 
-0.0516388 -0.495691 -0.125251 
===in_channel===
0.0105999 -0.128365 -0.266921 
-0.129971 0.318729 0.172498 
0.0109701 -0.057101 0.29039 
===in_channel===
===out_channel===
0.682072 -0.424296 -0.293388 
-0.190676 -0.73469 -0.648617 
0.273781 -0.0444871 0.407103 
===in_channel===
0.237427 0.151516 -0.411836 
-0.919834 -0.407976 0.264213 
0.177803 0.277224 0.479454 
===in_channel===
0.401705 -0.309479 0.0997103 
0.198457 0.0638319 -0.00972538 
-0.319149 -0.382325 -0.149107 
===in_channel===
-0.608012 -0.535008 -0.327976 
0.271566 0.349371 0.185314 
0.123193 -0.179055 -0.250248 
===in_channel===
0.17939 -0.393359 -0.480159 
-0.445539 -0.322346 0.0470939 
-0.0130749 0.357903 0.125424 
===in_channel===
0.342338 -0.479971 -0.151295 
-0.451622 -0.290876 0.347128 
0.146699 0.428951 0.464745 
===in_channel===
-0.327518 -0.507415 -0.323721 
-0.0336351 0.400382 0.365966 
0.351032 0.250863 -0.0197556 
===in_channel===
0.64465 -0.147861 -0.250721 
-0.469132 -0.581053 0.144533 
0.000759658 0.363471 0.547366 
===in_channel===
0.341654 -0.0267493 -0.387299 
-0.0746281 -0.431215 -0.247247 
0.0415908 0.383139 0.0647491 
===in_channel===
0.255252 -0.148491 -0.517991 
-0.367824 -0.238551 0.0620718 
0.248433 0.241936 0.306173 
===in_channel===
0.240592 -0.0813296 -0.286359 
-0.451784 -0.645138 -0.00338736 
-0.0919714 0.405497 0.641593 
===in_channel===
-0.0994345 -0.0802527 -0.221554 
0.136199 0.178649 0.158354 
-0.0219616 0.156697 -0.18983 
===in_channel===
-0.653241 -0.0106514 0.00026653 
0.277227 0.558121 0.333572 
0.198476 -0.102277 -0.278975 
===in_channel===
-0.22621 -0.0415846 -0.284875 
-0.778013 -0.612837 0.0217965 
0.215941 0.201255 0.218843 
===in_channel===
0.613401 0.0813748 0.0953997 
-0.488396 -0.397671 -0.168397 
-0.135581 0.562263 0.315504 
===in_channel===
0.186745 -0.0752282 -0.500088 
-0.425544 -0.481732 -0.212502 
-0.147734 0.174353 0.0244493 
===in_channel===
-0.580416 -0.305058 -0.327651 
0.00666594 0.413259 0.346892 
-0.0307582 0.246242 -0.184892 
===in_channel===
0.506652 0.108413 -0.123009 
-0.456242 -0.598054 -0.117634 
0.40942 0.228528 0.402401 
===in_channel===
-0.609297 -0.45486 -0.0715586 
0.0315815 0.206166 0.181612 
0.336317 -0.0605751 0.0325137 
===in_channel===
-0.563601 -0.379531 -0.243255 
-0.0776525 0.424368 0.526214 
-0.0360432 0.34638 0.140568 
===in_channel===
-0.0503827 -0.368507 -0.658319 
-0.436242 -0.145752 0.301178 
0.611042 0.18687 0.560841 
===in_channel===
0.516599 -0.650562 -0.442943 
-0.288729 -0.494387 0.242986 
-0.00164573 0.277246 0.181044 
===in_channel===
-0.108078 -0.836295 -0.537353 
-0.398301 -0.109291 0.10735 
0.361207 0.497121 0.310043 
===in_channel===
0.418628 -0.363496 -0.429849 
-0.0801286 -0.225142 0.0120475 
-0.0626962 0.35645 -0.185241 
===in_channel===
1.10365 -0.0752067 -0.316576 
-0.190791 -0.175255 -0.164204 
-0.202631 0.23692 0.416807 
===in_channel===
0.184275 -0.639012 -0.100228 
0.0588193 -0.0251135 0.344442 
0.0695807 -0.26501 -0.361743 
===in_channel===
-0.395461 -0.361734 0.233256 
0.710537 0.547623 0.810721 
0.369918 -0.0273314 -0.265287 
===in_channel===
-0.703592 -0.210205 -0.266488 
-0.0554903 0.110467 0.241834 
-0.033396 -0.0391108 0.0633672 
===in_channel===
0.79382 0.154109 -0.096394 
-0.365341 -0.545905 0.00474913 
-0.0820337 0.308481 0.273484 
===in_channel===
-0.0939168 -0.68594 -0.58386 
-0.234471 -0.354976 0.212939 
-0.154566 0.19177 -0.344959 
===in_channel===
-0.436977 -0.0870573 -0.0763525 
0.331792 0.361886 0.451251 
0.245675 0.300889 -0.152779 
===in_channel===
0.185142 -0.32842 -0.145029 
-0.279023 -0.483625 0.032398 
0.155204 0.144014 0.244428 
===in_channel===
===out_channel===
0.177972 -0.540431 0.21049 
0.0200752 -0.287188 0.486675 
-0.0331775 0.205564 0.0766549 
===in_channel===
-0.174093 -0.272198 -0.300626 
-0.364292 0.0860702 0.574888 
-0.630246 -0.607146 -0.0648821 
===in_channel===
-0.104864 -0.0107207 0.0799707 
-0.481656 -0.771263 -0.235744 
0.0914933 0.356781 -0.266998 
===in_channel===
-0.302644 -0.0188942 0.218239 
0.013159 0.309557 -0.211984 
0.108485 0.350321 -0.359494 
===in_channel===
-0.187317 0.0203084 0.461277 
-0.168075 0.199079 0.0126816 
0.302411 0.119926 -0.347906 
===in_channel===
-0.203339 -0.0995525 0.315711 
0.117728 0.0210794 0.259718 
0.117247 -0.00388003 -0.401795 
===in_channel===
-0.0132032 -0.332386 0.311164 
0.416612 0.25189 0.102069 
0.213865 0.0536083 -0.322604 
===in_channel===
-0.0101777 -0.211045 0.0375001 
-0.376043 0.258495 0.358118 
-0.350499 0.0815472 -0.0806167 
===in_channel===
0.00521709 -0.319518 -0.293558 
-0.0856678 0.157318 0.382767 
0.270524 0.325196 0.392455 
===in_channel===
-0.0311274 -0.0891154 0.229037 
0.22588 -0.037227 0.411739 
-0.0835745 0.248769 -0.156277 
===in_channel===
-0.187307 0.106132 -0.438792 
-0.432871 -0.184613 -0.149672 
-0.635421 -0.537273 0.398771 
===in_channel===
-0.136891 0.0525069 0.194666 
0.197775 0.384425 -0.0373354 
0.0589795 0.247704 -0.185108 
===in_channel===
-0.217806 0.0333194 -0.276044 
-0.148634 -0.0369152 -0.244566 
0.549238 -0.515823 -0.127699 
===in_channel===
-0.380043 -0.128816 -0.0225987 
0.100625 -0.0713506 0.203482 
0.0185797 -0.702573 0.0452713 
===in_channel===
0.221393 0.0928006 -0.372269 
-0.0750937 0.0335728 0.201242 
-0.673312 -0.436654 0.310021 
===in_channel===
-0.250773 0.0912716 -0.535961 
-0.128991 -0.34852 -0.0398437 
-0.337208 -0.619473 0.365363 
===in_channel===
-0.319514 -0.170763 0.114708 
0.223912 0.267233 -0.070222 
-0.0480604 -0.146654 -0.431319 
===in_channel===
0.244584 -0.351543 -0.260855 
-0.125026 0.149996 0.442504 
-0.682046 -0.536303 -0.031931 
===in_channel===
-0.551765 0.0841448 -0.104551 
0.326601 -0.00688317 -0.122708 
0.340077 -0.345268 -0.198899 
===in_channel===
-0.154749 0.066258 -0.0280187 
0.258178 0.288409 0.0404785 
0.253319 -0.0419951 -0.305371 
===in_channel===
-0.421171 -0.368708 -0.0278724 
0.200049 -0.168685 0.216899 
-0.0182252 -0.305713 -0.134635 
===in_channel===
-0.206156 -0.673621 -0.389528 
-0.0285027 -0.0347701 0.297679 
-0.0664102 0.0615019 0.123579 
===in_channel===
-0.217235 -0.384512 -0.0344328 
0.301885 0.31435 0.38824 
-0.249563 0.139033 0.0154763 
===in_channel===
0.223464 -0.433335 -0.147374 
-0.203791 0.121501 -0.10379 
-0.0605828 0.372142 0.292884 
===in_channel===
0.208434 0.125823 -0.540473 
-0.218117 -0.277396 0.374551 
-0.0451453 -0.315136 -0.141687 
===in_channel===
0.0537172 -0.375057 -0.638582 
0.157753 0.0500696 -0.316598 
-0.255223 -0.234301 0.044295 
===in_channel===
-0.134081 0.0279489 -0.421287 
-0.0286548 0.290609 -0.286151 
-0.221334 -0.435492 0.211942 
===in_channel===
-0.454389 -0.182142 0.179624 
-0.0754456 -0.14555 -0.190023 
0.383205 -0.10807 -0.589728 
===in_channel===
0.320308 -0.0498532 -0.473855 
-0.132164 -0.253372 -0.0299649 
-0.452024 -0.57256 -0.197997 
===in_channel===
-0.0162436 -0.336887 -0.434062 
-0.482698 0.258388 0.203237 
0.0452649 -0.128375 0.0275926 
===in_channel===
-0.0229942 0.00888625 -0.0599064 
0.2022 0.416778 0.0538425 
-0.473252 -0.253014 0.116593 
===in_channel===
-0.090105 -0.558293 0.0704563 
0.0829453 -0.322638 -0.0148729 
0.121268 -0.008954 -0.231797 
===in_channel===
===out_channel===
-0.165269 0.300571 0.157742 
0.396441 -0.262933 0.30754 
0.327747 -0.0184164 -0.0460037 
===in_channel===
0.0599863 -0.16504 -0.392134 
-0.160289 -0.145231 -0.0852299 
-0.273511 0.183333 -0.125781 
===in_channel===
-0.450831 -0.258023 0.214864 
0.233276 -0.129335 0.0223037 
-0.0263407 -0.26644 0.0335062 
===in_channel===
0.0673364 0.236353 0.104839 
-0.101828 -0.0928437 0.106434 
-0.296083 0.0774165 0.0178796 
===in_channel===
0.308856 0.225501 0.197425 
-0.166436 -0.134693 0.0656051 
-0.00446914 -0.186815 -0.284616 
===in_channel===
0.119798 -0.0611869 0.00447669 
0.0205747 0.257072 -0.198582 
-0.300058 0.099993 -0.326863 
===in_channel===
0.0691559 0.199772 0.0244467 
0.0970488 0.204888 0.0653274 
-0.30972 0.00804327 0.269018 
===in_channel===
0.000428184 -0.227293 -0.0848421 
0.33721 -0.132598 0.523643 
-0.156068 -0.359955 0.279108 
===in_channel===
-0.224879 0.409995 0.118762 
0.0202606 -0.159283 0.393565 
0.290554 0.0448245 0.125571 
===in_channel===
0.326331 0.118516 0.0327113 
-0.0992147 0.0464 -0.151179 
-0.195227 -0.119059 -0.271815 
===in_channel===
-0.424569 -0.331913 -0.243524 
-0.303757 -0.311801 0.0433903 
-0.0838901 0.385807 -0.313692 
===in_channel===
-0.0845805 -0.074855 0.0490893 
-0.347234 0.452069 -0.149917 
-0.111726 -0.0252647 -0.0939645 
===in_channel===
-0.0850631 0.19154 -0.21635 
-0.0832062 0.358497 -0.0534347 
-0.339043 0.207922 -0.22894 
===in_channel===
-0.292097 -0.214542 -0.350561 
-0.460156 0.338577 -0.466864 
-0.204291 0.480224 -0.410065 
===in_channel===
-0.386301 -0.156776 -0.155243 
-0.36048 -0.447654 -0.354408 
-0.374453 0.244484 -0.170216 
===in_channel===
-0.31813 -0.0693011 0.117218 
-0.643707 -0.509773 -0.015668 
-0.160163 0.27366 -0.00965053 
===in_channel===
0.0151936 -0.140205 -0.123161 
-0.198677 -0.0695362 -0.106328 
-0.242241 0.327252 -0.364578 
===in_channel===
0.0393516 -0.143685 -0.208061 
-0.255696 -0.276389 -0.132445 
-0.141845 0.289598 -0.213162 
===in_channel===
-0.138122 0.0518614 -0.237307 
-0.264375 0.243565 -0.602745 
-0.360497 0.439359 -0.124409 
===in_channel===
-0.0367258 0.245026 -0.209331 
-0.0170027 0.188236 -0.387644 
0.0133798 -0.140579 -0.174179 
===in_channel===
0.105505 -0.0269232 -0.234898 
-0.196022 0.120351 -0.415088 
-0.216007 0.0836701 -0.2194 
===in_channel===
0.120215 0.311919 -0.300597 
-0.0720557 -0.346523 -0.0889705 
0.206884 -0.252176 0.116185 
===in_channel===
0.364863 -0.214194 0.0748953 
-0.00758479 0.0547673 0.0385639 
0.128807 -0.10419 0.0623021 
===in_channel===
0.173785 0.213091 0.0322224 
0.0948976 -0.198163 0.429761 
0.0151429 0.0647127 0.477699 
===in_channel===
-0.3821 0.0426678 0.0844305 
0.346268 0.188816 0.151779 
0.0541748 -0.353232 0.295281 
===in_channel===
-0.257044 0.146937 -0.351458 
-0.411937 -0.534873 -0.184702 
-0.18186 0.162146 0.462412 
===in_channel===
-0.26087 -0.402613 -0.549809 
-0.0834592 -0.281645 -0.230316 
0.00205819 0.22822 -0.0431476 
===in_channel===
-0.145919 0.0288525 -0.191908 
-0.150761 0.587232 -0.381805 
-0.254392 0.334249 -0.346889 
===in_channel===
-0.258204 0.0693485 -0.263417 
-0.317339 -0.309671 -0.195018 
-0.0750289 -0.242359 -0.402238 
===in_channel===
-0.416744 0.200338 -0.171959 
0.110668 -0.00483502 0.241213 
-0.141496 -0.284581 0.558157 
===in_channel===
-0.410125 -0.115591 -0.362419 
-0.204631 -0.636055 -0.743541 
-0.470463 -0.157785 0.104134 
===in_channel===
-0.00364953 0.289234 0.285055 
0.0898472 -0.318529 0.363824 
0.242303 -0.134262 0.454872 
===in_channel===
===out_channel===
-0.0302897 -0.0834282 -0.0671298 
-0.0874058 -0.290707 -0.678279 
-0.0796188 -0.284683 0.397795 
===in_channel===
0.0548888 0.063863 0.434243 
0.145933 -0.389607 -0.177168 
0.335223 0.41863 0.670872 
===in_channel===
-0.278728 -0.29894 -0.132768 
0.417233 0.466197 0.202798 
-0.0572937 -0.315553 0.140552 
===in_channel===
0.116778 -0.546754 -0.445262 
0.3376 0.357623 0.456704 
0.109441 0.0853244 -0.2518 
===in_channel===
0.0306271 -0.0702309 -0.195247 
0.0845283 -0.28476 -0.170563 
0.241466 0.398916 0.318493 
===in_channel===
0.121834 0.00518148 -0.0966317 
-0.22031 -0.393725 0.0852805 
0.070497 0.0609303 0.094315 
===in_channel===
0.0320467 -0.273964 -0.386626 
0.0313815 0.0662276 0.208467 
0.054169 0.321182 -0.0306256 
===in_channel===
0.206165 0.250928 0.0875614 
-0.210364 -0.377133 -0.574848 
0.235857 -0.15205 0.365028 
===in_channel===
-0.393239 0.136785 0.201488 
0.219668 0.0560999 -0.688741 
-0.0598638 -0.0149522 0.361325 
===in_channel===
-0.0783414 0.218452 0.0904969 
0.0708747 -0.163784 -0.187659 
0.137833 0.299147 0.250491 
===in_channel===
-0.159664 0.43765 0.358678 
0.370881 0.227855 -0.133193 
0.361999 0.176339 0.445207 
===in_channel===
0.0921534 -0.468713 -0.495333 
0.182401 0.337867 0.182599 
-0.012886 0.0742141 -0.379177 
===in_channel===
-0.148176 -0.623515 -0.22429 
-0.027232 -0.11998 0.340649 
-0.355227 -0.58054 -0.560059 
===in_channel===
0.195696 0.417212 0.0229335 
-0.275026 -0.546213 -0.1407 
0.538608 0.16852 0.34957 
===in_channel===
-0.0559162 0.452848 0.251639 
0.301309 -0.03546 -0.450681 
0.492052 0.21092 0.523926 
===in_channel===
-0.0430703 0.14034 0.356453 
-0.104961 -0.366759 -0.107798 
0.313735 0.127624 0.145508 
===in_channel===
-0.181 -0.476855 -0.235604 
-0.107894 0.118577 0.281941 
0.27791 0.177016 -0.0570089 
===in_channel===
-0.00217834 0.142363 0.219119 
-0.0664078 -0.07513 -0.242208 
0.193714 0.550951 0.220785 
===in_channel===
0.290463 -0.128393 -0.430164 
-0.121854 -0.0670974 0.3559 
-0.210851 0.0782659 -0.232908 
===in_channel===
0.213634 -0.377665 -0.518663 
0.0767361 0.30285 0.361246 
0.205045 0.193987 -0.210763 
===in_channel===
-0.31975 0.424858 0.171569 
0.158595 -0.621301 -0.359082 
0.424625 0.618977 0.379029 
===in_channel===
-0.219277 -0.1721 -0.25974 
0.3854 0.222069 -0.180872 
0.174417 0.256215 0.131214 
===in_channel===
-0.229443 -0.111698 -0.0264829 
-0.205894 -0.155033 -0.250053 
-0.0218271 0.545723 0.20715 
===in_channel===
-0.223216 -0.116382 -0.285414 
-0.1564 -0.199961 -0.194391 
0.0270003 0.025677 0.280981 
===in_channel===
-0.408559 0.096246 -0.0919261 
-0.0626874 0.0716878 -0.356038 
-0.232389 -0.169254 0.200719 
===in_channel===
-0.104807 -0.148275 -0.423405 
0.300328 0.353781 0.236445 
-0.161921 -0.0500817 -0.218561 
===in_channel===
0.132201 -0.330575 -0.421043 
0.272033 0.879763 0.685222 
0.257056 -0.313592 -0.464456 
===in_channel===
-0.260582 -0.0413093 -0.0155729 
-0.253628 -0.247993 -0.115521 
0.238788 0.118731 -0.00759158 
===in_channel===
-0.0445511 0.274098 0.322886 
0.156787 0.203915 0.0004898 
0.554699 0.412817 0.112307 
===in_channel===
0.18106 0.120712 -0.612946 
-0.4819 -0.114068 -0.245624 
-0.158943 -0.0210171 -0.0316856 
===in_channel===
0.49582 -0.506019 -0.702103 
0.397418 0.334352 0.797722 
0.0985946 -0.222758 -0.44786 
===in_channel===
0.0315938 -0.00388233 -0.0620322 
0.259291 0.212322 -0.273392 
-0.351261 0.021008 0.0777837 
===in_channel===
===out_channel===
-0.0425139 -0.106384 -0.0845605 
-0.273044 -0.0987379 -0.20903 
-0.193726 -0.378464 -0.286474 
===in_channel===
0.32357 0.349712 0.254909 
0.0179203 0.383416 0.673183 
0.0323074 0.424767 0.51578 
===in_channel===
0.367275 0.0900377 0.49024 
0.0414674 -0.112671 -0.100344 
-0.0418876 -0.0128185 0.159514 
===in_channel===
-0.0745891 0.186335 0.400452 
-0.368947 0.0659653 0.071307 
-0.363756 -0.391152 -0.447181 
===in_channel===
0.306918 0.232765 0.0295165 
0.176414 0.020206 0.351948 
-0.481418 -0.067784 0.0972145 
===in_channel===
0.188047 -0.0738229 0.051267 
0.246186 0.331591 0.467164 
-0.133299 -0.276361 -0.177274 
===in_channel===
0.248546 -0.101751 0.221693 
0.0471886 0.13067 0.0984427 
-0.73225 -0.588354 -0.109823 
===in_channel===
0.282406 -0.00972521 0.143275 
0.0115534 0.281839 0.121694 
-0.0667837 0.102274 0.00913471 
===in_channel===
0.251324 0.250637 0.0792403 
-0.212951 -0.1757 -0.102802 
-0.196734 -0.0895539 -0.0319989 
===in_channel===
-0.0415638 0.261095 0.0880702 
0.274912 0.296087 0.0927284 
-0.211723 -0.337971 -0.18164 
===in_channel===
0.143023 0.179556 0.326967 
-0.132635 0.325633 0.280622 
0.605607 0.714974 0.874276 
===in_channel===
-0.100971 0.102812 0.124344 
-0.356705 -0.0528853 0.447465 
-0.27865 -0.406112 -0.235806 
===in_channel===
-0.139935 0.0202247 -0.11443 
-0.184048 -0.276002 0.0358792 
-0.480749 -0.172779 -0.0507943 
===in_channel===
-0.139975 0.204333 0.245656 
0.143852 0.329046 0.463478 
0.0905733 -0.00860291 -0.0485665 
===in_channel===
0.131591 0.0957727 0.154533 
-0.143335 0.316573 0.442722 
0.235888 0.64377 0.859737 
===in_channel===
-0.123498 -0.0398242 0.055182 
-0.340092 0.18756 -0.0910104 
0.706047 0.409214 0.135581 
===in_channel===
0.319738 -0.112758 -0.065396 
0.0888628 0.137511 0.229209 
-0.609483 -0.129184 -0.360623 
===in_channel===
-0.0738615 0.157037 0.0787981 
0.331001 0.133494 0.168942 
0.0109202 0.684583 0.621218 
===in_channel===
-0.0964566 0.0750587 -0.111029 
-0.273243 0.0950467 0.224825 
-0.625283 -0.515758 -0.219068 
===in_channel===
0.38196 0.0103118 0.222691 
-0.249167 0.203957 0.169802 
-0.625625 -0.491747 -0.454833 
===in_channel===
0.218144 0.255198 0.346598 
0.503551 0.275762 0.524505 
-0.191788 -0.293246 -0.157538 
===in_channel===
0.0929432 0.11932 -0.072898 
-0.0893564 0.289057 0.0259458 
-0.625711 -0.4048 -0.816022 
===in_channel===
-0.00487617 -0.157054 0.14532 
0.00368651 0.377346 0.447355 
-0.459579 -0.48724 -0.380228 
===in_channel===
0.449926 -0.0711795 -0.0964539 
0.127247 0.30331 0.00035728 
-0.0883053 -0.331549 -0.357346 
===in_channel===
0.357954 -0.265442 -0.153572 
-0.269 -0.405814 0.0454168 
-0.125742 -0.0958533 -0.0619293 
===in_channel===
0.404735 0.20034 0.156747 
-0.564787 0.357729 -0.0224693 
-0.394102 -0.184537 -0.521541 
===in_channel===
0.171148 -0.0586538 0.502584 
-0.249644 0.506764 0.595525 
-0.448437 -0.153337 -0.21265 
===in_channel===
-0.0995458 0.0683947 0.192406 
0.509194 -0.0978217 0.468764 
-0.499516 -0.0220817 -0.40458 
===in_channel===
0.297019 -0.290011 0.0101449 
-0.0732399 -0.148781 0.34324 
0.360834 0.419518 0.909708 
===in_channel===
0.189426 0.283042 0.238903 
-0.195814 0.113865 0.304686 
-0.0624146 -0.207062 -0.522689 
===in_channel===
0.316561 0.0944444 0.229355 
-0.422399 -0.0477463 0.618627 
0.00373205 0.00164583 -0.334003 
===in_channel===
0.300247 0.30817 0.275528 
-0.22362 0.23152 -0.0224457 
-0.482536 -0.392173 -0.336698 
===in_channel===
===out_channel===
0.341289 -0.411274 0.519312 
0.378366 -0.0813475 0.166478 
-0.104918 -0.437039 -0.525049 
===in_channel===
-0.359376 -0.128273 0.135445 
0.475421 0.208791 0.266831 
-0.313632 -0.549359 -0.677806 
===in_channel===
0.0385376 -0.0650993 -0.158512 
0.370076 0.295151 0.131548 
0.00405308 0.433803 0.35492 
===in_channel===
0.169141 0.060357 0.287047 
-0.39549 -0.427389 -0.797042 
0.212607 0.0554254 0.310376 
===in_channel===
-0.0565463 -0.000435448 0.425925 
-0.191611 0.148763 -0.152995 
-0.485939 -0.647712 -0.393605 
===in_channel===
0.119141 -0.0993113 0.325931 
-0.130632 0.00369881 -0.268074 
-0.490396 -0.753319 -0.0977932 
===in_channel===
0.255014 0.188057 0.338552 
-0.518284 -0.382731 -0.501769 
-0.21334 -0.209055 0.136461 
===in_channel===
0.179543 0.218797 0.355541 
0.403746 0.312136 0.203227 
-0.335867 -0.646469 -0.482902 
===in_channel===
0.0378772 0.0818107 0.196777 
0.381334 -0.192271 0.644073 
-0.378921 -0.640988 -0.660269 
===in_channel===
0.338251 -0.102015 0.425225 
-0.0133756 0.283297 -0.149924 
-0.703863 -0.597968 -0.468242 
===in_channel===
-0.17363 0.174162 0.681531 
0.788894 0.578921 0.492464 
0.0809565 -0.331411 -0.564352 
===in_channel===
0.119365 0.183903 0.48256 
0.000297931 -0.208417 -0.4575 
-0.082629 0.217836 0.211805 
===in_channel===
0.135335 0.892826 0.201343 
-0.256358 -0.144635 -0.38777 
0.267559 0.0218161 0.345136 
===in_channel===
-0.00199713 0.0858092 0.256643 
0.435651 0.113208 0.0446067 
-0.661435 -0.448778 -0.747046 
===in_channel===
-0.427127 0.0530105 0.374852 
0.423827 0.625341 0.32437 
0.221395 -0.231971 -0.559715 
===in_channel===
-0.398698 0.240075 0.381919 
0.582813 0.746101 0.286054 
0.251487 -0.444681 -0.613134 
===in_channel===
-0.0339973 0.221303 0.208412 
-0.0907341 -0.380761 -0.480013 
-0.0173193 0.139163 0.0408138 
===in_channel===
-0.429453 0.0741104 0.427889 
0.606197 0.498213 0.566186 
-0.199527 -0.207615 -0.25465 
===in_channel===
-0.1072 0.571288 0.0817286 
-0.275436 -0.161502 -0.37777 
0.178664 -0.10017 -0.0249753 
===in_channel===
0.101315 0.442991 0.41017 
-0.478035 -0.597534 -0.777964 
-0.126345 0.303019 0.513593 
===in_channel===
-0.15267 0.205084 -0.0646601 
0.321689 -0.00661408 0.232317 
-0.199775 -0.509376 -0.55734 
===in_channel===
0.407257 0.206737 0.257227 
0.332991 -0.148059 -0.0751364 
-0.600443 -0.0323169 -0.0108357 
===in_channel===
0.241468 0.10969 0.438721 
0.122187 -0.126624 0.125394 
-0.578348 -0.713349 -0.121739 
===in_channel===
0.46189 -0.112079 0.286694 
0.0761628 -0.126689 0.0502131 
-0.324174 -0.340766 -0.374334 
===in_channel===
0.219541 -0.369934 0.015067 
0.704166 0.334273 0.320756 
-0.208506 -0.296955 -0.0488859 
===in_channel===
0.13544 0.183701 -0.190293 
0.102547 -0.157699 -0.480169 
0.0951268 0.408615 0.266093 
===in_channel===
0.188439 0.5515 0.0492593 
-0.167896 -0.0987036 0.0276055 
0.249369 0.420183 0.606424 
===in_channel===
0.258728 0.283881 0.175256 
-0.0746706 -0.0359492 -0.545756 
0.00112566 -0.142218 -0.0212957 
===in_channel===
-0.0550331 -0.289246 0.351649 
0.256117 0.58296 0.450537 
0.232819 0.100009 0.116906 
===in_channel===
0.197269 0.730176 0.247722 
0.283656 -0.614893 -0.0553152 
0.121728 -0.29051 -0.425258 
===in_channel===
0.04393 0.625464 0.078362 
0.00177564 -0.495022 -0.284062 
0.361286 0.644373 0.699981 
===in_channel===
0.190934 -0.198523 -0.00577343 
0.11169 -0.378028 -0.156996 
-0.329308 -0.0974531 -0.153914 
===in_channel===
===out_channel===
0.292548 0.0969556 0.316523 
-0.0923873 -0.379514 0.341217 
-0.0799914 -0.0259211 0.378006 
===in_channel===
0.433302 0.328238 -0.410702 
-0.217497 -0.893245 -0.28842 
0.0464931 -0.377531 -0.47931 
===in_channel===
-0.216773 0.0720704 0.0539418 
0.191874 0.0900334 0.142893 
-0.221477 -0.133424 0.252252 
===in_channel===
-0.358042 -0.0819011 0.34654 
-0.111075 0.368058 0.305105 
0.113715 0.0413025 0.238427 
===in_channel===
-0.0484271 0.110342 -0.0389525 
-0.106426 0.0203421 0.361159 
-0.0604927 0.163899 0.193335 
===in_channel===
0.11182 -0.0893073 0.238276 
-0.18542 -0.255794 0.0234332 
-0.0730757 -0.107853 0.34359 
===in_channel===
0.229965 -0.390753 0.233218 
-0.361086 0.137054 0.305849 
0.0693346 0.146771 -0.123148 
===in_channel===
0.285588 0.213506 -0.281166 
-0.396438 -0.66974 0.0500276 
0.0504711 0.146424 0.267784 
===in_channel===
-0.200995 -0.169308 -0.177741 
-0.348062 -0.246336 0.0414428 
0.127346 0.0295381 0.339637 
===in_channel===
0.333815 0.0863079 0.0557737 
-0.146301 -0.206997 0.309315 
0.0975578 0.181373 -0.113715 
===in_channel===
0.133724 0.0433687 -0.229458 
0.0322662 -0.542089 -0.381441 
-0.291673 -0.251104 -0.874049 
===in_channel===
-0.0826275 -0.321768 0.151796 
-0.3231 0.451425 0.358992 
-0.0168886 -0.114725 -0.0485579 
===in_channel===
-0.117149 -0.327438 -0.0997869 
-0.162943 0.653208 0.260321 
0.280971 -0.153396 0.468941 
===in_channel===
0.109987 0.285807 0.00258597 
-0.351214 -0.27891 -0.219593 
-0.0201146 -0.540651 0.164505 
===in_channel===
-0.109042 0.239829 -0.562219 
0.00627501 -0.385552 -0.644881 
-0.287415 -0.414322 -0.606113 
===in_channel===
-0.269366 -0.0939963 -0.260862 
-0.217178 -0.192553 -0.369171 
-0.0368151 -0.451528 -0.704636 
===in_channel===
-0.361317 0.2058 0.0957203 
-0.0694163 0.358799 0.190735 
0.00450165 -0.191026 0.109587 
===in_channel===
0.387421 0.136647 -0.450239 
-0.33921 -0.907052 -0.218447 
-0.275261 -0.0430727 -0.367835 
===in_channel===
-0.366212 -0.279651 -0.00109187 
0.0486729 0.168998 0.245549 
-0.059029 -0.16665 0.0661357 
===in_channel===
-0.170501 -0.375611 0.309637 
-0.106224 0.364039 -0.0501227 
0.348152 0.0168242 0.149029 
===in_channel===
0.303853 0.3566 -0.20289 
-0.132236 -0.474821 -0.00382697 
-0.159176 -0.12727 0.0847036 
===in_channel===
0.22958 0.0922121 0.14696 
-0.0306973 -0.555868 -0.0517941 
0.191525 -0.416669 -0.0477784 
===in_channel===
0.0308522 -0.158923 0.0152935 
-0.310721 -0.188593 0.204135 
0.168176 0.382703 -0.137808 
===in_channel===
-0.327403 0.00108397 0.0363619 
-0.222488 -0.572966 0.165561 
-0.0529968 -0.288932 0.188394 
===in_channel===
0.0261276 -0.0708605 -0.364035 
-0.0691697 -0.476452 0.225566 
-0.166841 -0.172015 0.327111 
===in_channel===
-0.120368 -0.155508 -0.16463 
-0.27059 0.0740142 -0.385517 
0.0421776 -0.470311 -0.524564 
===in_channel===
-0.0326497 -0.133745 0.0826254 
0.0725891 0.259618 -0.133851 
0.327833 -0.595921 -0.338677 
===in_channel===
-0.0310763 0.237797 -0.0727141 
-0.019176 0.338661 0.292967 
-0.0589066 -0.366541 -0.0245455 
===in_channel===
0.0549458 0.100526 -0.558904 
0.0961148 -0.652089 -0.454561 
-0.0796532 -0.377247 -0.222971 
===in_channel===
0.0670487 -0.115408 -0.116379 
-0.333303 -0.187272 0.184386 
0.578089 -0.681809 -0.387479 
===in_channel===
-0.292815 -0.134321 -0.267842 
-0.00795815 0.0708082 -0.386251 
0.0196407 -0.477183 -0.475387 
===in_channel===
-0.130866 -0.198733 -0.0517764 
-0.412615 -0.237392 0.304258 
0.0783439 -0.125169 0.193725 
===in_channel===
===out_channel===
-0.232866 -0.388057 0.122452 
-0.292292 0.301072 0.398867 
0.168025 -0.0544506 -0.20629 
===in_channel===
-0.277014 -0.375985 -0.0327266 
0.284777 0.141816 0.244049 
0.295546 -0.183019 -0.277635 
===in_channel===
0.0349089 0.208679 0.140747 
0.00320569 -0.581035 -0.341389 
0.421613 0.33974 0.255805 
===in_channel===
0.185517 0.177766 -0.0279879 
0.342909 0.141124 -0.0458441 
-0.209234 -0.223429 -0.206057 
===in_channel===
0.0867147 0.127993 0.00764219 
0.176688 0.349099 0.0653067 
-0.0377632 -0.249442 -0.366737 
===in_channel===
-0.0361644 0.111325 0.0799845 
0.0538156 0.0372651 0.358483 
-0.0257665 -0.00723627 -0.279214 
===in_channel===
-0.0279822 0.135805 0.26793 
0.291615 0.29474 0.0378081 
-0.218793 -0.182692 -0.412874 
===in_channel===
-0.251002 -0.529232 -0.0270289 
-0.216727 0.302332 0.172197 
-0.157615 0.0147009 -0.344796 
===in_channel===
-0.217642 -0.116014 -0.00200389 
-0.384931 -0.139335 0.328609 
0.152154 0.0651991 -0.313535 
===in_channel===
0.261977 0.101109 0.127543 
-0.0348657 0.0548599 0.347949 
-0.161041 -0.295271 -0.232 
===in_channel===
-0.308505 -0.380187 -0.190931 
-0.0617681 -0.474108 -0.188099 
0.362432 0.288655 -0.0650067 
===in_channel===
0.0139519 0.143745 -0.206489 
0.380991 -0.0095273 0.136536 
-0.225294 -0.0615185 -0.275695 
===in_channel===
-0.183362 -0.108992 -0.0873776 
-0.120996 -0.399957 0.119012 
-0.65264 -0.206118 -0.236033 
===in_channel===
-0.056112 -0.00934642 -0.280854 
0.121876 -0.0782139 0.28684 
0.221383 -0.280598 -0.429553 
===in_channel===
-0.262492 -0.518706 -0.175574 
0.0236044 -0.329771 -0.0950454 
0.257876 0.473967 0.0654343 
===in_channel===
-0.241786 -0.18204 -0.217545 
-0.0957016 -0.205912 -0.0626903 
0.358113 -0.0496641 -0.277029 
===in_channel===
-0.106942 0.0731947 0.30988 
0.0277453 0.249801 -0.106803 
-0.456016 -0.205268 -0.346364 
===in_channel===
0.0280366 -0.54344 -0.480812 
-0.151719 0.183707 0.172458 
0.410516 0.0567339 0.178772 
===in_channel===
-0.0845701 -0.123972 -0.105896 
0.230029 -0.214387 0.181475 
-0.55039 -0.269427 -0.337989 
===in_channel===
0.180924 0.0425581 0.29827 
0.100199 0.124799 -0.267713 
-0.218015 -0.342882 -0.122829 
===in_channel===
0.101924 -0.00550853 0.0347947 
0.28349 0.324044 0.144992 
0.216323 0.0619679 -0.494713 
===in_channel===
0.0269999 0.0657671 -0.139452 
0.196064 -0.0766432 0.145006 
-0.260856 -0.252611 -0.245807 
===in_channel===
0.127739 0.243359 0.157938 
0.36588 0.43559 0.385244 
-0.305104 -0.245547 -0.0798147 
===in_channel===
-0.0432571 -0.0291369 -0.0256107 
0.0107865 -0.232582 0.251191 
-0.0796805 0.153721 -0.232053 
===in_channel===
0.0720973 -0.525537 -0.270527 
-0.0534627 -0.0226822 -0.156304 
0.411267 -0.144487 -0.0924493 
===in_channel===
-0.0418049 0.0804145 0.127994 
0.264806 -0.279529 -0.314657 
-0.161861 -0.180797 -0.0716312 
===in_channel===
0.108336 -0.0749842 0.203448 
0.29527 -0.201986 -0.329725 
-0.111037 0.0148787 -0.0833564 
===in_channel===
0.163235 0.149876 -0.0971166 
-0.0881581 -0.0276518 0.273528 
-0.171901 0.0141916 -0.383932 
===in_channel===
-0.0883077 -0.653155 -0.106293 
-0.173089 -0.415159 -0.0665569 
0.36572 0.332865 -0.153671 
===in_channel===
0.216908 -0.337127 0.287571 
0.129838 -0.315765 -0.0116278 
-0.501902 -0.290543 -0.407408 
===in_channel===
0.12197 -0.267526 -0.0739277 
0.229494 -0.146641 -0.39131 
-0.528135 0.000665323 -0.277162 
===in_channel===
-0.188669 0.213663 0.188953 
-0.0342958 0.189985 -0.147265 
-0.0881378 -0.159405 -0.340012 
===in_channel===
===out_channel===
-0.286464 0.268808 0.161759 
-0.0184446 -0.382417 -0.118949 
-0.366923 -0.0845414 -0.314208 
===in_channel===
-0.140458 -0.405901 -0.127673 
-0.0379162 -0.335843 -0.682656 
-0.0727857 0.188881 0.0988122 
===in_channel===
0.114969 0.231475 0.179866 
-0.0337094 -0.164541 -0.0503336 
-0.430126 -0.356114 0.0258547 
===in_channel===
-0.192853 0.357181 -0.0233968 
-0.0841638 -0.0730414 -0.00322133 
-0.249581 -0.258329 -0.137318 
===in_channel===
0.222264 0.000638173 -0.1277 
0.128144 0.0748397 0.15821 
0.0147325 0.0937082 0.234794 
===in_channel===
-0.249629 0.123295 -0.207934 
0.0276372 0.325446 -0.268492 
-0.100675 0.0225126 0.363459 
===in_channel===
-0.0189921 0.414482 0.0867773 
-0.408253 0.0661728 0.177625 
-0.428809 -0.104613 0.334129 
===in_channel===
0.011021 -0.309697 0.360894 
-0.217669 -0.0406688 -0.0369871 
-0.107104 -0.057698 -0.363748 
===in_channel===
-0.00164126 -0.0832783 0.348217 
0.062091 -0.16306 0.0220599 
-0.198175 0.0968843 -0.0500656 
===in_channel===
0.129504 0.111152 -0.167433 
-0.339531 0.261903 0.144705 
0.020425 -0.0654047 5.13164e-05 
===in_channel===
0.164488 -0.701602 -0.614227 
-0.269732 -0.698526 -0.402304 
-0.00546682 0.565194 -0.123764 
===in_channel===
0.237227 0.363659 -0.0674721 
-0.108061 0.135414 -0.459376 
0.239766 -0.190793 -0.363934 
===in_channel===
0.195843 0.211278 -0.525719 
-0.0398129 -0.129911 -0.932052 
0.2111 0.176638 -0.520828 
===in_channel===
-0.0712694 -0.441814 -0.363661 
0.398137 0.135738 -0.662844 
0.277955 0.254941 0.122839 
===in_channel===
0.122093 -0.61759 -0.558713 
-0.153393 -0.604963 -0.813588 
-0.0650648 0.281188 -0.115659 
===in_channel===
0.12886 -0.443078 -0.522674 
-0.183739 -0.0570764 -0.236062 
0.211167 0.712654 0.0752327 
===in_channel===
-0.112362 0.341835 -0.228403 
-0.198379 0.00757822 -0.0696706 
-0.0595704 0.0465272 0.339271 
===in_channel===
-0.310053 -0.659333 -0.125596 
-0.316865 -0.541587 -0.435811 
0.182813 0.103559 -0.294237 
===in_channel===
-0.171032 0.337813 -0.419152 
0.173666 0.318521 -0.742978 
-0.00995942 0.225034 -0.281314 
===in_channel===
0.153858 0.177056 0.0358512 
0.0118314 -0.0812238 -0.14946 
-0.0837249 0.08964 -0.0141918 
===in_channel===
0.0463439 0.139207 -0.104482 
-0.0862303 0.377049 -0.566666 
0.0340148 0.420574 0.229969 
===in_channel===
-0.0778207 -0.0096648 0.121688 
-0.278763 -0.196799 0.671512 
-0.517696 0.131089 0.191524 
===in_channel===
-0.133556 0.289263 0.181164 
-0.217099 -0.0580185 -0.0711572 
-0.417597 0.279017 0.0683472 
===in_channel===
-0.364576 -0.422927 0.534653 
-0.124011 -0.221537 0.353881 
-0.266191 0.0844343 0.19185 
===in_channel===
-0.078986 -0.365364 0.000155119 
-0.209963 -0.363009 -0.405899 
0.0094637 -0.426375 -0.438479 
===in_channel===
-0.0197645 -0.262362 -0.0238358 
-0.361948 -0.25768 0.15782 
-0.257288 -0.107108 0.295509 
===in_channel===
-0.0814688 -0.247771 -0.028706 
-0.28256 -0.748025 -0.385605 
0.102033 -0.356526 -0.0335529 
===in_channel===
0.108525 0.25 -0.0751916 
0.0161615 0.255308 -0.389677 
0.261564 0.150028 -0.0766921 
===in_channel===
-0.0575121 -0.566973 -0.178511 
-0.2868 -0.61696 -0.768072 
0.170253 0.247879 -0.181282 
===in_channel===
-0.422061 -0.572869 0.240918 
-0.0196872 0.337332 -0.340565 
-0.448773 0.206134 0.0352725 
===in_channel===
0.0567007 -0.059479 -0.389353 
-0.582211 -1.01015 -0.215769 
0.0263234 -0.169967 0.0879598 
===in_channel===
0.0679384 0.0710155 0.474907 
-0.192356 -0.0594234 0.215952 
-0.311612 0.14199 0.339218 
===in_channel===
===out_channel===
0.0135674 -0.356322 0.315308 
-0.112936 0.435609 0.141789 
-0.0613708 -0.0982994 0.0179324 
===in_channel===
-0.205491 -0.305257 0.322327 
0.0317971 0.593821 -0.113967 
0.211722 -0.544174 -0.0310938 
===in_channel===
0.311516 0.184884 0.101554 
-0.0799734 -0.111157 0.498704 
0.171529 0.218739 0.00574624 
===in_channel===
0.0354966 0.236123 0.183836 
0.16159 -0.443292 -0.481131 
-0.256937 0.0447498 0.209028 
===in_channel===
0.0868569 -0.111091 0.231807 
0.099873 0.449255 -0.272157 
0.100415 -0.259468 -0.0687667 
===in_channel===
0.122987 0.0262905 0.386344 
-0.0657476 0.337889 -0.22544 
-0.0843982 -0.167561 -0.123045 
===in_channel===
0.0996061 0.261213 -0.0243929 
0.225829 -0.143009 -0.382829 
-0.172865 -0.344913 0.355849 
===in_channel===
-0.455141 -0.529149 0.208404 
-0.0444329 0.455155 0.0751605 
0.253431 -0.142049 -0.247545 
===in_channel===
0.0196419 -0.364806 0.051472 
-0.0182086 0.263219 0.302866 
0.182079 0.0147026 -0.476076 
===in_channel===
-0.264778 -0.191303 0.379908 
0.249745 0.26305 -0.303434 
0.112897 -0.417662 -0.104772 
===in_channel===
-0.237443 -0.14351 0.304017 
0.0337302 0.166341 -0.358588 
0.0366505 0.073056 -0.654169 
===in_channel===
-0.0614102 0.389487 0.0616317 
0.18885 -0.00189081 -0.268449 
-0.411838 -0.432717 0.0731698 
===in_channel===
-0.24091 0.487524 -0.0996364 
-0.141355 -0.371072 -0.464054 
-0.404501 -0.0632471 0.378143 
===in_channel===
-0.533718 -0.13089 0.111124 
-0.0722208 -0.107474 -0.422417 
-0.120977 -0.23398 -0.119072 
===in_channel===
-0.0797774 0.10035 0.154698 
0.218587 0.498287 0.135822 
0.43732 0.053007 -0.126027 
===in_channel===
-0.259283 -0.144463 0.065702 
-0.0597629 0.0431416 -0.23827 
0.199223 -0.0530087 -0.66842 
===in_channel===
-0.0956208 0.408716 -0.149119 
-0.0243991 -0.136586 -0.507419 
-0.26522 -0.263439 0.351419 
===in_channel===
-0.329621 -0.352373 0.135457 
0.00456653 0.510735 -0.276587 
0.281674 -0.230653 -0.458721 
===in_channel===
-0.00319121 0.36132 0.336646 
0.126349 -0.237289 -0.463768 
-0.266463 -0.368173 0.33818 
===in_channel===
0.0339475 0.472296 0.00501742 
0.169043 -0.0198281 -0.651664 
-0.417371 0.116656 0.375798 
===in_channel===
-0.163025 -0.411172 0.111508 
-0.0647553 0.450515 -0.147502 
0.134928 -0.443913 -0.087544 
===in_channel===
0.134283 -0.0562775 -0.163089 
-0.278757 0.0351884 -0.0262826 
-0.0883869 -0.367057 -0.029714 
===in_channel===
-0.265997 0.107529 0.473576 
0.378066 0.0640611 -0.351981 
0.0258965 -0.0532041 -0.157617 
===in_channel===
-0.179924 0.0290237 -0.0310439 
0.141937 0.0670028 0.16352 
-0.0411328 -0.333183 -0.344342 
===in_channel===
-0.203799 -0.426651 0.0149738 
-0.17588 0.541853 0.451211 
0.529285 -0.464181 -0.137517 
===in_channel===
-0.0884445 0.378934 -0.171258 
-0.107853 -0.529222 -0.228733 
-0.233366 0.157747 0.236694 
===in_channel===
0.0926352 0.70496 -0.417793 
0.115679 -0.396138 -0.373723 
-0.0128163 0.219197 0.290858 
===in_channel===
0.109905 0.411748 0.183562 
-0.245477 -0.0846511 -0.307733 
-0.393009 0.00297922 0.20837 
===in_channel===
-0.404166 -0.224432 0.135701 
0.140504 0.58761 0.34004 
0.407378 -0.0797023 -0.381716 
===in_channel===
-0.114898 0.291846 0.22735 
-0.308779 -0.283997 0.270617 
-0.246439 -0.345736 0.260284 
===in_channel===
0.348002 0.393678 -0.362019 
0.134665 -0.354295 -0.609774 
-0.26466 -0.0907985 0.382301 
===in_channel===
0.155992 0.0466241 0.422096 
-0.0425826 0.292833 0.184549 
0.126971 -0.359196 0.148709 
===in_channel===
===out_channel===
===layer===
